"법원 “맘스터치 본사, 상도역점에 원재료 공급해야”","맘스터치 본사가 가맹점주의 허위사실 유포를 주장하며 가맹 계약 해지를 통보하고, 원재료 공급을 중단한 것과 관련해, 법원이 점주의 손을 들어줬습니다. 서울동부지법 민사21부(수석부장판사 임태혁)는 지난달 31일, 맘스터치 상도역점 점주 황성구 씨가 낸 원·부재료 공급중단 금지 등의 가처분 신청을 일부 인용했습니다. 재판부는 ""황 씨가 공연히 허위사실을 유포해 본사의 명성이나 신용을 뚜렷하게 훼손했다거나, 본사의 영업비밀 등을 유출해 가맹사업에 중대한 장애를 초래했다고 보기 어렵다""라며 ""본안 판결이 확정될 때까지 본사가 가맹계약에 따라 황 씨에게 공급하기로 한 패티 등 원·부재료의 공급을 중단해서는 안 된다""고 밝혔습니다.  재판부는 또, 본사가 낸 자료들만으로는 황 씨에 대한 가맹계약 해지 통보가 유효하다는 점에 대한 소명도 부족하다고 판단했습니다. 맘스터치 본사 측은 ""황 씨가 계약상 의무 위반을 지적받은 뒤에도 상당 기간 시정하지 않았다""고 주장했지만, 법원은 ""황 씨가 계약상의 의무 자체를 위반했다고 볼 수 없다""고 밝혔습니다.  재판부는 다만, 가처분 결정을 본사가 위반하면 본사가 황 씨에게 매일 1천만 원씩 지급하게 해달라는 황 씨 측의 요청은 받아들이지 않았습니다. 황 씨는 지난 3월 맘스터치 점주들로 구성된 '가맹점주협의회'를 구성하기로 하고, 천3백여 개 맘스터치 가맹점에 동참을 촉구하는 내용이 담긴 우편물을 보냈습니다.  그러나 맘스터치는 당시 황 씨가 보낸 우편물 내용 중 '최근 거의 모든 매장이 매출 및 수익하락으로 고통받고 있다'는 내용이 거짓이어서 본사의 명예를 훼손하고 업무를 방해했다며 가맹점주협의회장이던 황 씨를 경찰에 고소했습니다. 또 지난달 황 씨의 점포에 원재료 공급을 중단하고 가맹계약을 해지한다고 통보했습니다.  이에 황 씨는 물품 공급 중단과 계약 해지 통보의 효력을 멈춰달라는 내용의 가처분 신청과 본안 소송을 서울동부지법에 냈습니다.[사진 출처 : 맘스터치 홈페이지]"
클로징,"간편하게 한 끼를 해결할 수 있는 컵라면입니다. 하지만 시각장애인들, 이런 컵라면 하나 먹기도 힘들었습니다.라면 이름이 뭔지, 또 물은 어디까지 받아야 하는지 알기 힘들었기 때문입니다.이런 내용을 알려주는 점자 표시가 없어서인데, 이달부터 몇몇 업체들이 용기 겉면에 이런 내용을 담은 점자를 넣기 시작했습니다.이런 당연한 변화가 더 많은 곳으로 확대되길 바랍니다. KBS 9시 뉴스 마칩니다.고맙습니다."
[뉴스9 날씨] 내일 충남·호남·경남에 산발적 비…그 밖의 지역 흐림,"저기압의 중심이 동쪽으로 물러나면서 강한 비구름은 동해상으로 빠져나갔습니다. 영남 지역에 이어지고 있는 빗줄기도 점차 약해지고 있는데요. 내일은 서해상에서 기압골이 다가오면서 충남과 호남, 경남, 제주도에 비가 내리겠는데요. 내일 내리는 비는 내렸다 그치기를 반복하며 산발적으로 이어지겠습니다. 예상되는 비의 양은 경남 동부, 제주 산간의 많은 곳은 80mm 이상, 그 밖의 경남과 전남 남해안은 최고 60mm 정도입니다. 내일  중부와 경북은 비 소식 없이 흐린 날씨를 보이겠습니다. 내일 중부지방의 낮 기온은 오늘보다 1~2도 정도 높겠는데요. 서울 26도, 청주 25도로 예상됩니다. 비가 내리는 남부지방의 낮 기온은 오늘보다 2~5도가량 낮아지겠습니다. 광주 25도, 대구와 부산 24도로 예상됩니다. 물결은 동해상에서 최고 3m로 높게 일겠습니다. 호남과 경남 지역의 비는 모레 아침까지 이어지고, 주말에는 오랜만에 화창한 날씨가 예상됩니다. 날씨였습니다. 강아랑 기상캐스터 (그래픽:이주혁/진행:박채원)"
‘40대·50대·60대’ 철의 여인들의 유쾌한 도전,"[앵커] 도쿄 패럴림픽에선 40대부터 60대까지 철인들의 투혼이 감동을 주고 있습니다. 나이는 숫자에 불과하다는 전민재와 이도연, 김옥금의 유쾌한 도전을 이준희 기자가 전합니다. [리포트] 전민재가 자신감 넘치는 팔짱 세리머니와 함께 스타트 라인에 섭니다. 총성과 함께 힘차게 달려나간 전민재. 힘이 부친 듯 최하위를 기록했고 표정에는 진한 아쉬움이 묻어났습니다. 하지만 마흔 넷 전민재 도전은 아직 끝나지 않았습니다. 내년 아시안게임에서 다시 한번 작은 거인의 힘을 보여줄 생각입니다. [한재영/전민재 선수 어머니 : ""열심히 끝까지 뛰어줘서 고맙고 몸 건강하게 돌아오기만을 기다려야죠.""] 우리 나이로 쉰.이틀 연속 쉼 없이 페달을 돌린 이도연은 개인 도로 종목도 10위로 완주에 성공했습니다. 마흔 둘에 핸드사이클에 입문해  패럴림픽 메달리스트가 되기까지. 세 딸의 어머니 이도연은 엄마는 강하다는 사실을 증명했습니다. [이도연 : ""내 자신을 이기는 모습, 나의 이 모습이 다른 사람에게 본보기가 되고 싶은 것, 우리 딸들에게 어려움이 있을 때 항상 이겨내는 것을 배워라...그러고 있습니다.""] 대한민국 대표팀 최고령, 예순 한 살의 궁사 김옥금. 마지막 패럴림픽 도전은 메달 없이 끝났지만, 즐김의 미학이 무엇인지 보여줬습니다. [김옥금 : ""하고 싶은 운동 하고 있을 뿐이고요. 옆에 있는 동료 도와줘서 힘이 됩니다. 활 쏘는 자체가 즐겁습니다 행복하고요.""] 철인들의 무한도전 앞에선 장애도, 나이도 문제될 게 없었습니다. KBS 뉴스 이준희입니다. 촬영기자:오광택/영상편집:김종선"
휴가철 음주운전 261건 적발…낮술 운전 24건,"여름 휴가철인 지난 7월 15일부터 지난달 31일까지 진행된 음주운전 특별단속 결과 261명이 적발됐습니다.제주경찰청에 따르면, 이 가운데 165명은 혈중알코올농도가 0.08% 이상인 면허 취소 수준이었고, 나머지 96명은 면허 정지 수준이었습니다.특히 사회적 거리두기 4단계가 격상된 지난달 18일부터 낮 시간대 음주운전 단속을 강화한 결과 2주간 24건이 적발됐습니다."
2022 제주형 자율학교 IB 학교 4곳 신규 지정,"제주도교육청은 제주형 자율학교, 일명 IB학교로 온평초, 제주북초, 풍천초, 성산중 4개교를 신규 지정했다고 밝혔습니다.IB학교는 국제공인 교육프로그램 도입·운영을 고려하거나 준비 중인 학교, IB 본부로부터 'IB 월드스쿨(World School)'로 인증받은 학교를 통칭하는 개념입니다."
창원 시내버스 준공영제 출범…“서비스 개선”,"창원 시내버스 준공영제 출범식이 오늘(1일) 성주동 공영 차고지에서 열렸습니다.행사에는 창원시와 시내버스 노사 대표가 참석해 준공영제 시행으로 대중교통 체계의 공공성과 투명성을 높이고, 서비스를 개선할 것을 다짐했습니다.창원시는 시내버스 준공영제로 시내버스 노선 조정권을 갖고, 버스업체는 운행과 노무 관리를 맡게 됩니다."
경남도민 296만여 명 ‘국민지원금’ 대상 포함,"경남도민의 89.1%인 296만여 명이 정부가 지급하는 코로나19 상생 국민지원금 대상에 포함됐습니다.경상남도는 국민지원금 신청일인 오는 6일부터 카드사와 건강보험공단의 누리집과 앱 조회, 그리고 읍면동 주민센터 방문을 통해 대상 여부 등을 확인할 수 있다고 밝혔습니다.또, 네이버앱과 카카오톡 등의 '국민비서' 알림서비스를 요청하면 오는 5일부터 대상 여부와 금액, 신청방법 등을 문자메시지로 안내받을 수 있습니다."
"경남·울산, 창업벤처펀드 230억 원 조성","경상남도와 울산시가 스마트 그린뉴딜 분야 혁신기업을 지원할 230억 원 규모 창업벤처펀드를 조성합니다.이 펀드는 앞으로 경남과 울산의 신재생에너지와 탄소 저감, 그린 모빌리티 혁신 기업에 중점 투자합니다.이 펀드는 중소벤처기업부의 한국모태펀드와 경상남도, 울산시, 지역 금융기관이 출연했습니다."
하동 비료사업소서 60대 남성 작업하다 중상,"오늘(1일) 오후 1시 40분쯤 하동군 옥종면 한 비료사업소에서 일하던 63살 남성이 기계에 끼여 크게 다쳐 병원 치료를 받고 있습니다.고용노동부 진주지청은 해당 작업장에 작업 중지 명령을 내렸고, 경찰은 직장 동료 등을 상대로 사고 경위를 조사하고 있습니다."
인권 침해·비위 의혹에도 ‘최우수기관’ 선정?,"[앵커] 각 시·군에 자활센터라는 기관이 있습니다. 저소득층이 기술을 배워 자립할 수 있도록 일자리와 사업 기회를 제공하는데요. 함양자활센터가 참여자에 대한 인권침해 등 각종 비위 의혹에도  보건복지부 평가 최우수기관으로 선정돼 논란이 일고 있습니다. 박상현 기자입니다. [인터뷰] 함양자활센터에 대한 감사 탄원서와 진정서입니다. 사업 참가자들은 센터의 불투명한 운영에다 폐쇄회로TV를 이용한 감시, 센터 직원들의 갑질 등 인권 침해를 호소합니다. 한 참가자는 직장 스트레스로 우울증이 생겨  6개월 정도 치료가 필요하다는 의사 소견을 받기도 했습니다. [김혜정/함양자활센터 사업 참여자 : ""너는 생각이 있냐 없냐, 인지력이 되냐 안되냐, 삿대질해가면서. 때로는 자기 성질이 안되면 책상까지 두드려 가면서 (윽박질렀어요.)""] 비위 의혹도 제기됐습니다. 센터장이 센터 차량의 보험계약이나 차량임차를 동생 회사에 몰아주고,  저소득층 자활사업에 센터장 모친을 참여시키고, 팀장으로 친인척을 채용하는가 하면,  자활사업 수입금을 법인이 아닌 개인 통장으로 받는 적도 있었다는 겁니다. 그런데도 함양자활센터는 올해 발표된 보건복지부 평가에서 최우수 기관에 뽑혔습니다. 평가가 제대로 이뤄지지 않았다는 지적이 나오는 이유입니다. [정수천/함양참여연대 사무국장 : ""모든 분에 대한 심층면접을 해서 이분들이 자활센터에서 겪는 어려움이라든지 현실적인 고충, 이런 것을 제대로 파악해주셨으면 합니다.""] 하지만 센터는 의혹 해명에 대한 모든 사항을 함양군에 떠넘기며 취재를 거부했습니다. [김성진/함양군 사회복지과장 : ""사생활을 침해할 수 있는 CCTV 설치 부분은 저희가 바로 시정조치를 내렸고요. 운영비 집행 부분들, 이런 걸 좀 자세히 들여다볼 예정입니다.""] 함양군은 실태 조사에서 법령을 위반이나 지침 위반사항이 있으면 경중에 따라 조치하겠다고 말했습니다. KBS 뉴스 박상현입니다."
경남 전면 등교…방역·학업 결손·돌봄 ‘과제’,"[앵커] 경남의 코로나19 누적 확진자가 오늘 만 명을 넘겼습니다. 지난해 2월 20일 첫 확진자 발생 뒤 540여 일만입니다. 매일 하루 18.2명의 확진자가 나온 셈입니다. 비수도권에서는 대구와 부산에 이어 경남의 확진자가 세 번째로 많습니다. 전국의 확진자 가운데 경남은 약 4%를 차지하고 있습니다. 인구 10만 명당 발생 비율로 보면 경남은 300명으로 전국 17개 광역 시도 가운데 전남과 전북, 경북 등에 이어 여섯 번째로 적습니다. 시군별 누적 확진자는 창원이 2천6백여 명, 김해 2천2백여 명, 진주 천6백여 명 순입니다. 인구 규모를 놓고 보면 조금 달라지는데요. 10만 명당 확진자 수는 진주가 460여 명으로 가장 많고요. 창녕이 410여 명으로 두 번째입니다. 김해와 사천, 거제, 함안, 다음이 창원입니다. 누적 확진자의 47.6%가 지난 7월과 8월 두 달 동안 집중됐는데요. 최근에는 다소 확산세가 누그러져 주간 하루 평균 확진자 수는 60명 아래로 내려왔습니다. 전국적으로 4차 대유행이 계속되는 만큼 긴장의 끈을 늦춰서는 안 되겠습니다. 경남 대부분의 초중고등학교에서 전면 등교 수업이 진행되면서 느슨해진 아이들의 학업을 다시 보강하는 게 중요한 과제가 됐습니다. 초등학교와 중학교에는 기초학력 교실까지 가동합니다. 천현수 기자입니다. [리포트] 여름방학을 끝내고  개학한 초등학교입니다. 1학기와 달리 전교생이 모두 등교를 합니다. 손 소독과 발열 확인을 위해  출입구는 한 곳으로 제한됩니다. 경남 980개 초중고 가운데 규모가 크거나 과밀학급이 많은 30여 곳을 제외하고 모두 전면 등교를 합니다. 학교가 더 안전하다는 판단에 따른 조치입니다. [조영봉/창원 반송초등학교 교장 : ""학교를 좀 더 철저하게 방역하고 학교에서 학생을 돌보는 것이 그래도 좀 낫지 않겠나 (생각합니다.)""] 실제 지난달  경남의 학교 코로나19 확진자는 방학 중이던 첫째 주와 둘째 주에는 하루 평균 111명이었지만,  개학 이후 70명 안팎으로 줄어들었습니다. 원격수업으로 돌봄 부담이 컸던 초등학교 저학년 학부모들은 반깁니다. [김진환/초등학생 학부모 : ""저부터 얽매이니까 아이들이 학교에 가면 그 시간만큼은 자유로운데, 그런 시간도 없고, 아이들도 고생이고….""] 대신, 학교 방역이 강화됐습니다. 계단과 화장실, 운동기구 등은  하루 서너 차례 소독을 합니다. 교차 감염 위험이 있는 급식소는  모든 학교에 칸막이를 설치했습니다. [노정숙/영양교사 : ""밥 먹기 때문에 마스크를 벗게 됩니다. 그래서 밥 먹을 때만 뗐다가 밥을 다 먹으면 바로 마스크를 쓰도록 지도하고 있습니다.""] 경상남도교육청은 이번 추경 예산에 100억 원을 반영해  학교마다 방역 인력 최대 5명, 급식지도 인력 3명을 지원하기로 했습니다. 또, 54억 원을 배정해 초등학교와 중학교에  학업 능력 결손을 보강하기 위한 협력교사를 보내 기초학력 교실을 가동합니다. 경남교육청은 거리 두기 3단계에서 학교 확진자가 나오더라도 전면 등교 기조를 유지하고  4단계에는 등교 비율을 조정할 계획입니다. KBS 뉴스 천현수입니다. 촬영기자:이하우/그래픽:김신아"
[안전]⑪ 법원 “밀양역 노동자 사망사고…쉽게 막을 수 있었던 사고”,"[앵커]2년 전 밀양역에서 선로 작업을 하던 노동자 3명이 열차가 진입한다는 연락을 듣지 못해 한 명이 숨지고, 2명이 크게 다치는 사고가 있었습니다.1심 재판부는 충분히 막을 수 있는 사고였다며, 사업주인 한국철도공사에 법정 최고액인 벌금 1억 원을 선고했습니다.일하다 죽지 않게, 최진석 기자입니다. [리포트] 2019년 10월 기찻길을 정비하던 작업자 3명이 밀양역으로 진입하는 새마을호 기차에 치였습니다. 이 사고로 당시 49살 장 모 씨가 숨지고, 32살 조 모 씨 등 2명이 크게 다쳤습니다. [방계원/한국철도공사 부산경남본부 안전환경처장/2019년 10월 22일 : ""열차 감시원은 시야가 확보되는 위치에서 열차가 (오는지) 감시하고 있습니다. 무전기로 작업 현장과 무전 교신을 하고 있습니다.""] 사고 당시 선로에 깔린 자갈 높이를 맞추는 작업은 100dB이 넘는 시끄러운 소리가 났지만, 통신 장비는 최대 음량이 85dB에 불과한 무전기뿐이었습니다. 열차 감시원으로부터 기차가 온다는 연락을 받아야 하는 현장 작업자조차  무전을 듣지 못했습니다. 게다가 작업 현장은 굴곡이 심한 선로인 데다 나무로 가려져 있어 기관사가 돌발 상황에 대응할 시간이 촉박한데도 열차감시원을 추가로 배치하지 않았습니다. 1심 재판부는 ""한국철도공사와 현장 책임자들이 작업에 적합한 신호장비 지급과 열차감시원 추가 배치 의무 등을 모두 위반했다""라고 판시했습니다. 재판부는 한국철도공사에 개정 전 산업안전보건법에 따라 법정 최고액인 벌금 1억 원을 선고했습니다. 또 당시 철도공사 부산경남본부장에 징역 1년에 집행유예 2년, 시설팀장에 금고 1년에 집행유예 2년, 선임시설관리장에 금고 10월에 집행유예 2년, 시설관리원에 금고 8월에 집행유예 2년을 선고했습니다. [양철순/창원지방법원 공보판사 : ""고도의 위험성을 수반하는 현장에서 안전조치 의무를 위반하여 사망사고를 발생하게 한 사업주에 대하여 법이 규정하는 최대한의 형을 선고함으로써 엄중한 책임을 묻는 취지의 판결입니다.""] 한국철도공사는 1심 판결문을 검토한 뒤 항소 여부를 결정할 계획이라고 밝혔습니다. KBS 뉴스 최진석입니다."
리튬이온전지에 ‘그래핀’…안정성·성능 높여,"[앵커] 전기자동차 등에 쓰이는 리튬이온전지의 성능을 높이는 신기술이 개발됐습니다. 리튬이온전지 음극재에 실리콘 첨가량을 20%까지 높였는데 전기차 주행거리도 20% 이상 늘어나는 데 역할을 할 것으로 기대됩니다. 오종우 기자의 보도입니다. [리포트] 한국전기연구원이 개발한 리튬이온 전지 음극재 제조기술! 리튬이온전지는 음극재와 양극재, 분리막 등으로 구성되는데, 음극재 소재로 흑연만 사용되다 최근 실리콘이 크게 주목받고 있습니다. 실리콘은 흑연보다 에너지 밀도가 10배나 높고 충전속도가 빠릅니다. 하지만 충전 과정에서 부피가 커지고 입자가 부서지는 단점으로 음극재 재료로 5% 정도만 사용되는 한계가 있습니다. 이 문제 해결을 위해 흑연의 표면층을 한 겹만 벗겨낸 그래핀으로 실리콘을 코팅했습니다. 그래핀을  다른 물질과 결합이 쉽도록 액체나 고농도 페이스트 형태로도 만들어 실리콘 첨가량을 20%까지 올린 겁니다. [정승열/한국전기연구원 나노융합연구센터 책임연구원 : ""저희가 개발한 그래핀을 이용해서 (실리콘이) 부피 팽창 시 깨져버리는 그런 단점들을 크게 보완을 해서.""] 저렴한 실리콘도 쓸 수 있어 가격경쟁력도 높이고, 전기차에 적용할 경우 주행거리를 약 20% 이상 늘릴 수 있습니다. [이건웅/한국전기연구원 전기재료연구본부 본부장 : ""기존에 400km를 달릴 수 있는 전기차가 500km 이상 달릴 수도 있기 때문에 전기차의 용량을 늘리는 데 있어서 굉장히 좋은.""] 전 세계 실리콘 음극재 시장은 해마다 70% 이상 성장할 것으로 전망되고 있습니다. 전기연구원은 시제품을 제작해 국내외 특허 등록을 마쳤고, 최근 국내 한 소재 기업에 관련 기술을 11억 원에 이전했습니다. KBS 뉴스 오종우입니다. 촬영기자:지승환"
"경찰, 진주 불법 복지시설 관련 압수수색","KBS가 연속 보도한 진주의 한 불법 복지시설에 대해 경찰이 오늘(1일) 오전 압수수색을 진행했습니다.해당 시설은 진주시에 신고도 없이 11년 동안 치매 노인과 장애인 수십 명을 불법 수용하고, 이들의 정부 지원금을 챙긴 혐의를 받고 있습니다.진주경찰서는 노인과 장애인 학대·방임 의혹과 공금 횡령 등의 혐의, 퇴소자 행방 등을 확인하기 위한 관련 자료 확보에 집중하고 있습니다."
“강기윤 늑장 수사”…경남경찰청 항의 방문,"민주노총 경남본부와 정의당 경남도당 등이 오늘(1일) 창원성산구 강기윤 의원의 부동산 투기 의혹을 수사하고 있는 경남경찰청을 항의 방문했습니다.이들은 ""강기윤 의원 부동산 투기 의혹에 대한 국민권익위 발표와 국민의힘 탈당 요구 등이 나온 지금까지도 경찰 수사가 지지부진한 이유를 밝혀달라""며 경남경찰청에 항의 서한을 전달했습니다.경남 시민사회단체연대회의 등은 지난 2월 강 의원의 부동산 투기 등 각종 의혹에 대해 경남경찰청에 수사의뢰서를 제출하고, 수사를 촉구해왔습니다."
"국민의힘 소속 제주도의원들, 원희룡 지지 선언","국민의힘 소속 제주도의회 의원 5명이 같은 당 대권주자인 원희룡 전 지사에 대한 지지를 선언했습니다.강연호·강충룡·김황국·오영희·이경용 도의원은 오늘(1일) 기자회견을 열고 더 큰 제주, 더 큰 대한민국의 미래를 위해 원 전 지사를 전폭적으로 지지하겠다고 밝혔습니다.이들은 또 제주 출신이 대선에 출마한 이번이 제주의 미래를 위한 천재일우의 기회라며 도내·외 도민들에게 지지를 호소했습니다."
"전자발찌 찬 성범죄자 ‘성폭행 시도’, 경찰에 구속","최근 들어 전국적으로 전자발찌를 찬 성범죄자들의 추가 범죄가 이어지는 가운데,  전주에서도 전자발찌를 찬 남성이 성폭행을 하려 한 혐의로 구속됐습니다. 전주 완산경찰서는 성범죄로 교도소에서 복역하다 출소한 뒤 전자발찌를 착용해왔던 이 남성을, 지난달 26일 전주의 한 주택에서 성폭력을 시도한 혐의로 검찰에 송치하기로 했습니다."
나라에 목숨 바쳤는데…“이름조차 몰라”,"[앵커] 9월 1일 오늘이 '제주 해병대의 날'인 것,  알고 계셨나요? 6·25 전쟁 당시 해병대에 입대해 참전한 제주도민 3천여 명을 기리는 날인데요, 이들을 기억하기 위한 호국관이 건립되고 있지만, 아직 풀어야 할 과제도 남았습니다. 보도에 허지영 기자입니다. [리포트] 1950년 9월 15일, 국군과 연합군이 인천에 상륙해 6·25 전쟁의 전세를 뒤바꾼 인천상륙작전. 이 속엔  제주에서 자원 입대한 해병대 3·4기 대원이 있었습니다. 빛바랜 흑백 사진 속에 앳돼 보이는 청년들. 당시 열악한 생활 환경을 보여주는, 흙바닥 위에 깔린 지푸라기들. 한 달도 채 안 되는 훈련을 받고 참전한 대원들은  무려 3천여 명으로, 이들 중 120여 명은 여성이었습니다. 이들이 제주를 떠나  전쟁터로 나간 9월 1일이 '제주 해병대의 날'로 지정된 데 이어, 과거 생활 공간을 개보수한 호국관도 설립되고 있습니다. [최한결/대위/해병대 9여단 : ""군사훈련을 한 번도 받아보시지 않은 분들이 자발적으로 자원 입대를 하셔서, 풍전등화에 처한 나라를 구하겠다는 일념을 갖고 모이셨기 때문에 그분들의 헌신과 희생이 (기억돼야 한다.)""] 올해 안에 공사를 마쳐 민간인들에게 공개하기로 한 이윱니다. 호국관 부지 안에 설치된 상징탑엔 이 해병 3·4기 생존자와 희생자들의 이름이 새겨져 있습니다.  하지만 아직  기록되지 못한 사람들도 있다는 게 전우회 설명입니다. 특히 여성 해병대원들은  다른 지역으로 파견된 데다 집으로 돌려보내는 경우도 있어 군번을 받지 못하거나, 심지어 일부는 이름조차 모른다는 겁니다. 전우회는 여성 대원들이 교사와 학생들이었던 만큼 제주도 교육청에 관련 기록을 모아달라고 요청했습니다. [박영찬/해병대 3·4기 전우회 수석부회장 : ""제대로 조사가 돼서, 제주 여성의 훌륭한 점이 역사적으로 기록이 남아있으면 하고 바라고 있습니다.""] 6·25 전쟁이 끝난 지 어느덧 70년이 지났지만, 백발의 노인들은 지금도 동료의 이름을 찾기 위해 분투하고 있습니다. KBS 뉴스 허지영입니다. 촬영기자:강재윤"
"‘선거법 위반 1심 유죄’ 이상직 의원, 항소심 시작",
"‘선거법 위반 1심 유죄’ 이상직 의원, 항소심 시작",
나라에 목숨 바쳤는데…“이름조차 몰라”,"[앵커] 9월 1일 오늘이 '제주 해병대의 날'인 것,  알고 계셨나요? 6·25 전쟁 당시 해병대에 입대해 참전한 제주도민 3천여 명을 기리는 날인데요, 이들을 기억하기 위한 호국관이 건립되고 있지만, 아직 풀어야 할 과제도 남았습니다. 보도에 허지영 기자입니다. [리포트] 1950년 9월 15일, 국군과 연합군이 인천에 상륙해 6·25 전쟁의 전세를 뒤바꾼 인천상륙작전. 이 속엔  제주에서 자원 입대한 해병대 3·4기 대원이 있었습니다. 빛바랜 흑백 사진 속에 앳돼 보이는 청년들. 당시 열악한 생활 환경을 보여주는, 흙바닥 위에 깔린 지푸라기들. 한 달도 채 안 되는 훈련을 받고 참전한 대원들은  무려 3천여 명으로, 이들 중 120여 명은 여성이었습니다. 이들이 제주를 떠나  전쟁터로 나간 9월 1일이 '제주 해병대의 날'로 지정된 데 이어, 과거 생활 공간을 개보수한 호국관도 설립되고 있습니다. [최한결/대위/해병대 9여단 : ""군사훈련을 한 번도 받아보시지 않은 분들이 자발적으로 자원 입대를 하셔서, 풍전등화에 처한 나라를 구하겠다는 일념을 갖고 모이셨기 때문에 그분들의 헌신과 희생이 (기억돼야 한다.)""] 올해 안에 공사를 마쳐 민간인들에게 공개하기로 한 이윱니다. 호국관 부지 안에 설치된 상징탑엔 이 해병 3·4기 생존자와 희생자들의 이름이 새겨져 있습니다.  하지만 아직  기록되지 못한 사람들도 있다는 게 전우회 설명입니다. 특히 여성 해병대원들은  다른 지역으로 파견된 데다 집으로 돌려보내는 경우도 있어 군번을 받지 못하거나, 심지어 일부는 이름조차 모른다는 겁니다. 전우회는 여성 대원들이 교사와 학생들이었던 만큼 제주도 교육청에 관련 기록을 모아달라고 요청했습니다. [박영찬/해병대 3·4기 전우회 수석부회장 : ""제대로 조사가 돼서, 제주 여성의 훌륭한 점이 역사적으로 기록이 남아있으면 하고 바라고 있습니다.""] 6·25 전쟁이 끝난 지 어느덧 70년이 지났지만, 백발의 노인들은 지금도 동료의 이름을 찾기 위해 분투하고 있습니다. KBS 뉴스 허지영입니다. 촬영기자:강재윤"
[풀뿌리K] ‘지역의 목소리에 귀기울이다’…풀뿌리 언론과 함께,"[앵커] 전북 각 시군에서 활동하는 언론사들과 함께 생생한 지역 소식을 전하는 풀뿌리K입니다. 오늘은 그 동안 풀뿌리K를 함께 만들어온 풀뿌리 언론사들과 함께 지난 8개월 동안의 여정을 돌아봅니다. [리포트] 고창의 주간해피데이는 지난 3월 방송되었던 전남 영광군에서 난 축사 허가로 인근 고창 주민들이 반발한다는 기사 관련 소식을 전했습니다. 풀뿌리K 방송 뒤  해당 축사 사업자가 대체 부지를 알아보고 있고 고창군은 행정구역 경계에 지어지는  민원 유발 사안에 대해  더욱 적극적으로 나서게 됐다고 전했습니다.[안상현/주간해피데이 편집국장 : ""고창군은 시군경계지역 축사신축에 대한 문제의식을 갖기 시작했고, 조례개정과 지형도면고시를 통해 인접 지자체 간 분쟁을 최소화한다는 계획입니다.""]KBS와 재난방송 협업을 한 무주신문은 지난 7월 7일, 시간당 50밀리미터가 넘는 폭우가 쏟아진 무주 현지 상황을 생생하게 전달했던 경험을 떠올리며 참여 소감을 밝혔습니다.[신주혁/무주신문 편집국장 : ""시청자들에게 지역의 소식들을 좀 더 빠르고 널리 알릴 수 있다는 점, 그리고 이제 창간한 지 3년이 지난 무주신문의 역할을 확장할 수 있다는 점에서 지역에서도 반기고 있습니다.""]김제시민의신문은 KBS와의 협업에 대해  풀뿌리 언론이 취재한 소식이  방송을 통해 전북의 이슈로 부각될 수 있어 김제시민들의 기대가 커지고 있다고 전했습니다.[홍성근/김제시민의신문 편집국장 : ""공중파로 전북 전역에 방송되면서 (지역의 목소리가) 전라북도의 이슈로 부각될 수 있다고 보고 있습니다.""]부안독립신문은 KBS와 협업을 통해 다양한 해결책이 제시되면서 풀뿌리 언론사의 책임과 역할이 더 중요해졌다고 평가했습니다.[김종철/부안독립신문 편집국장 : ""취재를 좀 더 꼼꼼히 한다거나 지역민의 얘기를 더 많이 듣고 귀 기울이는 등 언론사가 가져야 할 기본자세에 더욱 충실하게 된 것이죠.""]KBS와의 협업을 냉정하게 평가한 풀뿌리 언론들, 앞으로도 지역의 목소리를  충실히 담아낼 것을  다시 한 번 강조했습니다. 풀뿌리K였습니다."
"구미시, 볼링장 14곳 집합금지 행정명령","구미에서 볼링장을 중심으로 코로나19가 확산하면서 구미시가 관내 볼링장 14곳에 대해 내일 오전 0시부터 12일 자정까지 11일간 집합금지 행정명령을 내렸습니다.구미시는 최근 볼링장과 관련해 40명이 넘는 확진자가 나오면서 감염 확산을 막기 위해 집합금지 명령을 내렸다고 설명했습니다.또, 관내 실내체육시설 7백여 곳에 대한 지도 점검을 시행하고, 행정명령 위반 시 무관용 원칙에 따라 형사고발 조치하겠다고 밝혔습니다."
대구시민 86.3%·경북도민 89.8% 지원금 대상,"코로나 상생 국민지원금 지급 대상이 대구 206만여 명, 경북 236만여 명으로 집계됐습니다.대상은 지난 6월 본인부담 건강보험료 가구별 합산액 하위 80% 기준으로 선정됐는데 대구는 전 시민의 86.3%, 경상북도는 전 도민의 89.8%가 1인당 25만 원씩 국민지원금을 받게 됩니다.지원금 신청은 오는 6일부터로 신청과 지급 모두 개인별로 진행되며 미성년 자녀는 세대주가 신청, 수령할 수 있습니다."
"대구시, 요양병원·다중이용시설 방역 강화","대구시가 지역 내 요양병원과 다중이용시설에 대한 방역조치를 강화합니다.대구시는 요양병원 간병인 2천8백 명을 대상으로 코로나19 진단검사를 매주 한 차례씩 의무적으로 실시한다고 밝혔습니다.또한 현재 유흥시설과 노래연습장 종사자가 실시하는 코로나19 주기적 진단검사에 동전노래연습장을 포함하고, 다중이용시설에서도 5명 이상 확진자가 발생할 경우 선제적,주기적 진단검사를 시행할 방침입니다."
영양군 빗길 교통사고…1명 사망·8명 부상,"오늘 오후 4시 50분쯤 영양군 입양면 노달리 국도에서 SUV 차량과 시외버스가 충돌했습니다.이 사고로 SUV 운전자가 사망하고, 버스에 타고 있던 기사와 승객 8명이 부상을 입어 병원에서 치료 받고 있습니다.경찰은 버스 기사와 목격자 등을 상대로 사고 경위를 조사하고 있습니다."
‘취수원·군위 편입’ 갈등 국회의원 ‘뒷짐’,취수원 공동이용과 군위군의 대구편입 등 현안을 둘러싼 갈등에도 지역 국회의원들은 오히려 이를 부추기거나 방관해 빈축을 사고 있습니다.
충북 ‘온라인’ 자활생산품전 개최,"충청북도와 충북 광역자활센터가 10일까지, 충북 자활생산품전을 개최합니다.'자활생산품'은 저소득층의 자립을 돕기 위한 자활 근로 사업의 생산 제품입니다.행사 기간, 네이버 스마트스토어에 '햇살 나들이'를 검색하면, 다양한 충북의 자활생산품을 배송료 없이 저렴하게 구입할 수 있습니다."
"“짧은 장마, 병해충 피해 적어”…고추 작황 좋아","[앵커] 올해는 짧은 장마에 병해충 피해도 적어 고추 작황이 좋습니다. 때문에 가격도 지난해에 비해 낮아진데다 품질까지 좋아 거래도 활발합니다. 보도에 송국회 기자입니다. [리포트] 홍고추 직거래시장이 열린 괴산 농산물유통센터,  이른 새벽부터 고추 포대를 한가득 실은 경운기와 화물차들이 하나 둘 자리를 잡습니다. 가격을 흥정하는 농민들의 마음은 가볍습니다. [신재식/고추 재배 농민 : ""(잎이 시들 때면) 딱딱 맞춰서 비가 와주니까 고추가 아주 잘 자랐어요. 우리 집만 잘된 게 아니라 다른 집들도 다 고추가 좋아서, 올해는 작황이 좋습니다.""] 이처럼 올해 작황이 좋아져 가격이 크게 떨어졌습니다. 이날 거래된 고추 가격은 킬로그램 당 2,300원으로 지난해 3천 8백 75원에 비해 40%가량 낮아졌습니다. 가격 경쟁력에 상품성까지 좋아 지다 보니 소비자들의 구매가 이어져 장터에 나온 고추가 한 시간도 안 돼 모두 팔려나갔습니다. [박효금/소비자 : ""3번째 왔는데요. 깨끗한 거 먹으려고 이렇게 직접 사서 말려요. 힘들어도.""] 극심한 폭우와 홍수로 유례없는 흉작을 기록했던 지난해보다 올해는 장마가 짧아 병해충 피해까지 적었던 것이 풍작에 영향을 미쳤습니다. 올해 건고추 생산량은 7만 4천여 톤으로 지난해보다 24% 늘 것으로 전망됩니다. [우경동/괴산군 농식품유통과장 : ""폭염 때 농가가 포장 관리를 잘해서, 재배는 안정적인 생육을 보였습니다. 농가 소득은 전체 180억 원 정도로 예상됩니다.""] 산지 건고추 가격도 30% 가까이 떨어져 평년 수준을 회복한 상황,  김장철을 두 달여 앞둔 농가와 소비자들은 부담을 한 시름 덜게 됐습니다. KBS 뉴스 송국회입니다. 촬영:VJ 장용석/영상편집:조의성"
"KBS청주방송총국-옥천신문, 취재·보도, 재난방송 상호 협력 업무 협약","KBS 청주방송총국과 옥천신문이 공동 취재·보도, 재난 방송 상호 협력을 위한 업무협약을 했습니다.이에 따라 두 기관은 자연재해, 감염병 등 상황의 신속한 재난 방송과 지역 현안에 대한 정보와 자료 제공 등 상호 협력하기로 했습니다.김영한 KBS 청주방송총국장은 옥천신문과 협력해 충북 남부 지역의 소식을 보다 더 심층적으로 다룰 수 있도록 노력하겠다고 말했습니다."
"청주시, 노후 공동주택 지원","청주시가 노후 공동 주택 지원 사업을 추진합니다.지원 대상은 사용검사 후 10년이 지난 공동주택 단지로 단지 내 위험시설, 어린이 놀이터 보수, 옥상 방수, 담장 교체 등에 5천만 원까지 지원됩니다.신청은 17일까지 청주시 공동주택과에서 접수하며 지원 대상은 내년 1월 결정됩니다."
진천 문화예술회관 내년 6월 착공,"진천군 문화예술회관 설계 공모에서 디엔비건축사사무소 작품이 당선작에 선정됐습니다. 진천군은 이 작품을 토대로  실시 설계를 한 뒤  내년 6월 문화예술회관 건립 공사에  착수할 계획입니다. 진천 문화예술회관은 진천읍 읍내리 옛 전통시장 터에  지상 3층, 지하 1층  총면적 7천793㎡ 규모로  384억 원이 투입돼 2024년 하반기 완공 예정입니다."
“장애인 자립·자활 위한 ‘직업중점특수학교’ 필요”,
‘학교 방역’ 급식·보건 인력 태부족,"[앵커] 코로나19 장기화로 학교 방역 최일선에 있는 교직원들은 극도의 긴장과 피로에 시달리고 있습니다. 특히 학교 급식과 보건 분야의 인력난이 더 심해지고 있다고 호소합니다. 박미영 기자의 보도입니다. [리포트] 감염 사태 속, 전면 등교에 가장 앞장서서 어려움을 호소하는 직종은 급식 분야입니다. 밀집도를 줄이기 위한 시차 배식, 이동 급식 등으로 노동 강도가 급증했다는 겁니다. 학교급식노동자 1명의 급식 인원이 다른 공공기관보다 2~3배 많은 상황에서 시설 소독, 환기 등 방역까지 떠안고 있다고 말합니다. 고강도 노동에 시달리던 단양의 한 조리사가 폐암으로 산업재해 인정을 받았지만 달라진 건 없다고 호소합니다. [이희숙/초등학교 조리실무사 : ""지금 시작이에요. 내년은 더할 것이고 점점 더 힘들어질 텐데, 그런 부분에서 개선점을 빨리빨리 교육청에서는 준비하셔야 할 겁니다.""] 학교 방역 인력 규모와 역할, 전문성도 학교장 재량에 따라 제각각입니다. 이번 2학기, 충북 각 학교에 배치된 방역 전담 인력은 모두 1,900여 명. 학교별로 자체 방역을 이유로 뽑지 않은 곳부터 최대 14명을 둔 곳까지 편차가 큽니다. 여기에 만성적인 보건교사 인력난도 코로나19 대응에 악재가 되고 있습니다. 충북 전체 학교 483곳 가운데 보건교사가 없는 곳은 100여 곳. 관련 업무를 보조하는 교사마저 없는 80여 곳은 보건 공백에 내몰려있습니다. [김영훈/전교조 충북지부 정책실장 : ""또 한 편으로 보건교사가 배치된 학교에서도 본연의 역할이라고 할 수 없는 학교 환경 시설 관리 업무까지 보건교사들이 맡고 있는 실정입니다.""] 등교 확대 방침을 강조하면서 안전한 학교를 만들겠다던 교육 당국. 학교 안팎의 감염 확산세를 최대한 막아낼 방역 기반부터 제대로 갖추는 게 시급합니다. KBS 뉴스 박미영입니다. 촬영기자:김현기"
장애인 돌봄 부담 가중…복지 공백 커져,
전주 한 초등학교 식중독 의심증상…역학조사 착수,
코로나19 신규 확진 대구 55명·경북 44명,"오늘 0시 기준 코로나19 신규 확진자는 대구 55명, 경북 44명입니다.대구에서는 대구 가톨릭대 병원 관련 15명, 수성구 모 사업장 관련 8명 등 집단감염군과 관련해 27명이 확진됐습니다.기존 확진자와의 접촉은 20명, 감염 경로 미확인 확진자는 7명, 해외 입국 사례는 1명 발생했습니다.경북은 경주 모 사업장 관련 10명, 구미 모 음식점 관련 5명 등 경주와 구미에서 각 16명이 확진됐고 경산 6명, 포항 3명 등 7개 시군에서 44명이 확진 판정을 받았습니다."
“아프간인 제3지역 이동”…일부 주민 여전히 반발,"진천에 머물고 있는 아프간인에 대해 일부 주민들이 여전히 우려하는 가운데 임시 생활을 마친 아프간인들은 제3 지역으로 이동합니다.송기섭 진천군수는 오늘 주민 간담회에서 윤창열 국무조정실 1차장이 이러한 내용을 확언했고 진천 정착촌 조성 소문도 사실과 다르다고 강조했습니다.앞서 진천 지역 일부 주민들은 ""임시 수용이 끝난 아프간인들을 다른 지역으로 보내라""라며 천여 명이 참여한 서명부를 법무부와 진천, 음성군에 전달했습니다."
HMM 노사 막판 협상…“결렬 시 9월 중순 파업 돌입”,"한국 최대 국적선사인 HMM 노사가 오늘 오후부터 막판 임금 협상을 벌이고 있습니다.노조 측은 오늘 협상이 결렬되면 9월 중순 파업에 돌입할 것이라고 밝혔습니다.HMM 노조는 내일 오전 10시부터 8시간 동안 선상에서 현수막과 피켓 시위를 진행할 계획입니다.또 오늘 자정에는 부산항에 정박해 있는 HMM 선박들을 비롯해 전국해운노동조합협의회 소속 선박들이 모두 동시에 15초간 뱃고동을 울릴 예정입니다.노조 측은 임금 25%와 성과급 1,200% 인상을 사측은 임금 8%와 성과급 500% 인상을 각각 주장하고 있습니다."
수능 풍향계…마지막 ‘9월 모평’ 시행,"[앵커] 올해 개편된 수능시험의 출제 경향과 난이도를 가늠할 수 있는 마지막 모의평가가 치러졌습니다. 수험생들은 이번 모의평가 성적을 바탕으로 수시는 물론, 정시 지원전략까지 면밀하게 세워야 합니다. 이지은 기자가 보도합니다. [리포트] 한 문제라도 더 풀기 위한 수험생들의 눈빛이  마스크 위로 반짝입니다. 수능을 두 달여 앞둔 오늘, 고3 수험생 등을 대상으로 한 전국연합학력평가가 대구 85개, 경북 144개 학교에서 일제히 치러졌습니다. 수능 전 마지막 모의고사, 학생들의 각오는 남달랐습니다. [김지현/대구 혜화여고 3학년 : ""마스크 쓰고 시험을 치는 훈련도 했고, 백신 접종도 마쳐서 이제 수능 전 마지막 9월 모의고사 열심히 임해서 수능처럼….""] 이번 시험은  오는 10일 수시 모집 시작 전 지원 가능 대학을 가늠하고, 수능 난이도와 유형을 살펴볼 중요한 기회입니다.[이태복/대구 혜화여고 진학부장 : ""이 짧은 시간에 한 2개월 남았습니다만, 그동안에는 기출 문제 중심으로 푸는 게 수능 형태에 적응을 빨리하는 길입니다.""] 오늘 시험은 국어는 다소 쉬웠던 반면 수학과 영어는 어려웠다는 분석입니다. 입시 전문가들은 문·이과 통합형과 국어·수학의 선택과목 도입 등 수능 개편이 이뤄졌고,   코로나19 이후  대학들의 원격수업 등의 영향으로 졸업생 수험자가  3만여 명 넘게 늘어나는 등 변수가 많을 것으로 분석했습니다. 이에 따라 성적대에 맞춘  꼼꼼한 수험 전략이  필요하다고 조언합니다. [차상로/입시 지도 전문가 : ""상위권은 고난도 문항 위주로, 중위권은 변별력 있는 문항 중심으로 하위권은 틀렸거나 틀리기 쉬운 문제 중심으로 학습하는 게 필요할 것으로 보입니다.""] 한편, 자가격리 대상자 등 시험장에 올 수 없는 학생들은 온라인 응시를 통해 실력을 점검했으며, 성적은 오는 30일까지 각 수험생에게 통보됩니다. KBS 뉴스 이지은입니다. 촬영기자:백재민"
보건의료노조 막판 협상…결렬시 부산 11개 병원 파업,전국보건의료노조가 공공의료 확충과 인력 충원을 요구하며 보건복지부와의 막판 협상에 돌입한 가운데 협상이 최종 결렬될 경우 부산지역 의료 인력도 내일 오전 7시부터 파업에 돌입합니다.부산에서는 코로나19 전담 병원인 부산의료원을 비롯한 11개 의료기관에서 간호사 등 노조원 3천여 명이 파업에 참여할 예정입니다.부산시는 응급환자나 중환자의 경우 필수 인력을 배치하고 신규환자는 파업에 참여하지 않는 의료기관에 우선 배정하는 등 진료 차질을 최소화한다는 방침입니다.
부산 호우주의보 발효…시간당 최대 30mm 집중호우 주의,부산에는 오늘 낮 소강상태를 보이던 비가 저녁부터 다시 내리기 시작하면서 밤 8시 반을 기점으로 호우주의보가 발효됐습니다.내일까지 예상강수량은 10~80밀리미터로 밤사이 돌풍과 천둥 번개를 동반한 시간당 30밀리미터의 강한 비가 내리는 곳도 있겠습니다.기상청은 또 내일 오전까지 순간풍속 초속 15미터 이상의 강한 바람이 부는 곳도 있겠다며 피해가 없도록 시설물 관리 등에 주의를 당부했습니다.
"박형준 시장, ‘방역수칙 위반 논란’ 사과",지난 6월 서울 성북동 이운영 고문 자택에서 '5인 이상 사적 모임 금지' 방역수칙 위반 논란을 빚은 박형준 부산시장이 시민들에게 직접 사과했습니다.
[주민숙원사업]③ 주민숙원사업 예산은 지방의원 쌈짓돈?,"[앵커] 주민숙원사업 과정이 허술한 탓에 부정부패가 개입할 여지가 크다는 보도 전해드렸는데요. 공무원 뿐 아니라 지방의원들의  부정한 영향력 행사도 확인됐습니다. 일부 사례가 경찰 수사 선상에 올랐는데 빙산의 일각이라는 지적이 나옵니다. 김도훈 기자의 보도입니다. [리포트] 경부 고속도로와 맞닿은  직사각형 형태의 빈터. 진입로에는 인근 농지와 가옥을 보호하기 위해 수로 정비공사를 한다는 안내판이 서 있는데,   정작 주변에는 잡초가 무성히 자란 빈터만 있을 뿐 농지나 가옥은 찾아 볼 수 없습니다. A 구미시의원과 B 경북도의원 주도로 공사가 시작됐는데,  예산을 반영하는 과정에서 특혜 의혹이 제기돼  경찰이 수사에 착수했습니다.경찰의 수사가 시작된 이후 공사는 이렇게 중단된 상태입니다. 경찰은 현재 해당 의원들의 배임, 직권남용 혐의 등을 중점적으로 수사하고 있는 것으로 알려졌습니다.  이 사업 이름은 살기 좋은 경북 만들기 사업,  이는 주민숙원사업에 도비가 추가되면서 사업 명칭이 바뀐 건데 검증이 없다는 점은 똑같습니다.   [지자체 관계자/음성변조 : ""주민편의를 위해서 해주는 사업이라고 생각했는데. 누가 이 토지 소유자가 누구고 뭐 어떻게 (진행)됐고 이렇게까지 (세세하게 검증)하지 않거든요.""] 구미의 또 다른 마을,   C 구미시의원은 주민숙원사업 예산을 들여 자신의 지지자 땅까지 도로 확장을 하려다 주민들에게 발각되자 멈췄습니다. 별도의 검증 절차가 없는 탓에 주민숙원사업 예산은 지방의원들의 먹잇감이 되고 있습니다. 예산 규모가 크지 않아  외부 감시가 거의 없고, 의회와의 마찰을 우려한 공무원들도 대부분 사업을 무사 통과시키는 실정입니다.  [조근래/구미 경실련 사무국장 : ""주민들은 알지도 못했고, 단지 시의원 선거운동 도와준 사람의 개별민원입니다. 개별민원을 위해서 예산을 쓴다는 것은 도둑질 행위와 똑같거든요.""] 지방의원들의 쌈짓돈으로 전락한 주민숙원사업 예산,  철저한 전수 조사가 필요하다는 주장이 설득력을 얻고 있습니다. KBS 뉴스 김도훈입니다. 촬영기자:신상응/그래픽:김현정"
김익주 광주시의원 “어등산 사업 공공 개발해야”,
첫 ‘힌츠페터 국제보도상’ 미하일 아르신스키 기자,제1회 '힌츠페터 국제보도상' 대상인 '기로에 선 세계상'에 벨라루스의 불법선거 과정을 보도한 미하일 아르신스키 영상기자가 선정됐습니다.뉴스 부문에는 미얀마 군부의 폭력행위를 고발한 노만과 콜린 기자가 이름을 올렸고 특집 부문은 전 세계 이주민들의 험난한 여정을 영상에 담은 브루노 페데레코 기자가 선정됐습니다.공로상인 '오월광주상'은 80년 5월 19일 광주에 투입된 계엄군을 최초로 취재·보도한 故 유영길 전 미국 CBS 서울지국 영상기자가 수상자로 결정됐습니다.
한국 천주교 ‘첫 순교자’ 윤지충 바오로 유해 230년 만에 발견,"[앵커]한국 천주교의 첫 순교자인 윤지충 바오로의 유해가 230년 만에 발견됐습니다.세계 가톨릭 교회사에 기록될 큰 일이라는 평가가 천주교계에서 나오고 있습니다.서윤덕 기잡니다. [리포트] 호남 천주교 역사를 간직한 전북 완주의 초남이 성지. 천주교 전주교구가 지난 3월 이곳을 정비하다가 유해를 발견했습니다.  [김성봉/프레드릭 신부/유해 최초 발견 : ""(순교) 230년이 지났음에도 불구하고 전반적으로 상태가 굉장히 양호해서...""] 천주교 전주교구는 외부 전문가 검증을 거쳐 이 유해를 윤지충 바오로로  판단했습니다. 해부학적으로 순교 흔적이 발견됐고, 유전자 검사에서도 후손들과 일치했습니다. 또 함께 나온 유품에도 인적사항이 적혀 있었습니다. 윤지충 바오로는  사촌인 정약용을 통해 천주교를 접한 뒤 제사를 폐지했다가  1791년 신해박해 때 순교했습니다. 발굴 현장에서는  윤지충 바오로와 함께 순교한 권상연 야고보의 유해와,  1801년 신유박해 때 순교한 윤지헌 프란치스코의 유해도 발견됐습니다. [김선태/사도 요한 주교/천주교 전주교구장 : ""이 유해들이 한국 최초의 순교자 복자 윤지충 바오로와 권상연 야고보, 신유박해 순교자 복자 윤지헌 프란치스코의 유해라고 선언하며...""] 이들은 모두 2014년 프란치스코 교황이  한국을 방문했을 때  천주교 성자 전 단계인 복자로 선포됐습니다. 천주교계에서는 이번 유해 발견이 한국교회사, 더 나아가 세계 가톨릭 교회사에 기록될 큰 일로 평가하고 있습니다. 천주교 전주교구는  오는 16일 순교자들의 유해를  초남이 성지에 안치해 순례자들에게 공개할 예정입니다. KBS 뉴스 서윤덕입니다. 촬영기자:한문현"
KBS 교향악단과 함께하는 제5회 여수음악제 개막,"KBS 교향악단과 함께하는 제5회 여수음악제가 오늘 개막했습니다.오는 11일까지 열리는 여수 음악제는 예울마루 대극장에서 열리는 정명훈 지휘자와 피아니스트 개릭 올슨, KBS 교향악단의 연주회를 시작으로 피아니스트 김정원의 '뷰티풀 선데이'와 금난새 지휘자의 '해설이 있는 클래식' 등 다채로운 프로그램을 선보일 예정입니다."
장휘국 “사립학교법 개정안 본회의 통과 환영”,
"KBS 시청자주간…“시청자와 함께, 부산과 함께”","[앵커] 오는 3일은 방송의 날입니다. 이를 맞아 KBS부산은 공영방송 KBS  자체 프로그램에 대한 시청자의 다양한 의견을 듣고, 시청자가 직접 프로그램에 참여하는 시청자 주간을 마련했습니다. 오늘부터 4일까지 계속될 제2회 시청자 주간에 부산총국이 마련한 프로그램을 김영록 기자가 소개합니다. [리포트] KBS부산 보도국 전용 유튜브 채널인 '부케부캐'를 즐겨 보는 시민 3명이 한자리에 모였습니다. 공모로 초대된 주인공들은 KBS가 제작한 콘텐츠를 함께 보며 추억과 공감을 나누고, 방송의 역할을 되새겼습니다. [""(부산타워 앞은) 사람 반 비둘기 반이었죠.""] [""사람들 한 번씩 다 어릴때 저기서 (사진)찍은 경험 있을걸요.""] [""부산 살면 무조건….""] 따끔한 당부의 말도 잊지 않았습니다. [정주영/시청자 : ""워낙 유튜브에서는 팩트가 출처가 불분명한 정보가 많지 않습니까. 그런데 아무래도 또 KBS가 공영방송이다보니깐. 그런 출처 불명확한 정보들의 팩트를 체크해주고….""] 시청자와 함께한 특별 콘텐츠는  오늘부터 4차례로 나눠 KBS부산 보도국 전용 유튜브 채널로 시청자들과 만납니다. 또 내일 뉴스7에서는 다양한 시청자들의 목소리를 듣고 방송에 담아내기 위한 전문가 대담도 마련합니다. 특히 내일 오후 2시에는 코로나19로 현장 진행이 잠정 중단된 KBS 노래 교실을 KBS부산 유튜브 채널에서 생방송으로 만날 수 있습니다. KBS 뉴스 김영록입니다. 촬영기자:이한범·장준영/영상편집:전은별"
‘고수익 알바 유혹‘에 걸려든 보이스피싱 공범들,"[앵커]단기간에 고수익을 보장한다.이런 아르바이트 광고 보면 ​의심부터 하셔야겠습니다.​물건 심부름만 하면 수십만 원을 준다는 데, 자칫 보이스피싱 공범자가 될 수 있습니다.김용덕 기자가 보도합니다. [리포트] 초등학교 앞에서 만난 두 사람. 보이스피싱 피해자와 수거책입니다. 순식간에 수천만 원이 전달됩니다.  이런 식으로 챙긴 돈은 다시 2차 수거책에게 건네집니다. 쇼핑백을 주고 받는 장면이 첩보 작전을 방불케 합니다. 이런 현금 수거 방식을 경찰에서는 '대면편취형'이라고 부릅니다. 말 그대로 보이스피싱으로 뜯어낸 돈을 직접 만나 가져 오는 건데 송금 방식보다 추적이 훨씬 더 어렵습니다. 또 막상 힘들게 수사해서 1차 수거책들을 잡아봐도. [경찰 : ""보이스피싱 사기 관련해서 OOO 씨 임의동행할 거예요.""] [보이스피싱 1차 수거책/음성변조 : ""((제가 한 게) 불법이거나 뭐 그런 일이에요?) 불법일 수도 있죠. 아니 회사 월급 주는데 다른 사람에게 시켜서 주는 경우가 어디가 있어? 굳이 알바비를 써가면서 돈을 입금시키냐고...""] 대부분 단기 아르바이트입니다. [1차 수거책 피의자/음성변조 : ""그냥 인터넷에 일일 알바 고수익 알바 이렇게 쳤었는데 받은 돈을 또 다른 사람한테 건네서 다른 사람이 아마 환전을 하거나 입금을 하거나...""] [장정규/경사/경기남부경찰청 반부패경제범죄수사대 : ""업무에 비해 지나치게 많은 대가를 약속하는 경우 채용 면접을 위해 모바일 메신저 등을 통해서만 연락하라는 경우 반드시 보이스피싱을 의심해야 합니다.""] 이런 아르바이트 수거책을 동원한 '대면편취형' 보이스피싱 범죄 비율은 경기 남부에서만 지난 해 동기 대비 두 배 넘게 증가했습니다. [장정규/경사/경기남부경찰청 반부패경제범죄수사대 : ""피해자의 입장에서 천만 원, 심지어 1억 원 은행 직원인줄 알고 그 돈을 전달했을 때 이 피해자는 평생 그 현금을 가져간 사람을 잊지 못합니다.""] [1차 수거책 피의자/음성변조 : ""내 무지함과 안일함 때문에 생긴 피해자분들한테 너무 미안하고 죄책스러워서...""] KBS 뉴스 김용덕입니다. 영상편집:차영수/화면제공:경기남부경찰청"
"충남도민 제안 110개 사업, 내년 정책에 반영","충남도민들이 제안한 110개 사업이 내년 정책에 반영됩니다.충청남도는 도민 참여예산 제안 공모를 통해 110개 사업을 선정하고, 내년에 사업비 136억 원을 투입해 공식 정책으로 추진하기로 했습니다.도민들이 제안한 사업으로는 폐플라스틱 수거 지원, 청년 생태계 조성, 안전속도 발광형 표지판 설치, 배달노동자 산재보험료 지원 등이 있으며, 지역별로 보면 예산 주민 28명, 보령 주민 18명 등의 제안서가 각각 선정되었습니다."
‘빛가람에너지클러스터’ 투자선도지구 지정,나주 빛가람에너지클러스터 지구가 국토교통부의 투자선도지구로 지정됐습니다.이에 따라 나주시와 민간 출자회사는 공동으로 나주시 송월동 일원에 2천억 원을 투자해 에너지 관련 연구와 업무시설을 유치하고 산업과 문화시설을 아우르는 융복합지구를 조성할 예정입니다.
1조 3천억 원 상당 필로폰 밀수 적발…사상 최대,"[앵커] 멕시코에서 필로폰을 대량으로 들여와 호주로 밀수출한 일당이 수사기관에 덜미가 잡혔습니다. 압수한 것만 무려 1조 원어치가 넘는 양인데요, 지금까지 알려진 국내 마약 밀수 사례로는 가장 큰 규모입니다. 최위지 기자가 보도합니다. [리포트] 세관 직원들이 컨테이너에 보관된 나무 상자를 꺼내 뜯습니다. 상자에 든 건 항공기 제조에 쓰이는 기계 부품. 그런데, 끝 부분을 톱으로 잘라보니 원통형 구멍이 뚫려있고, 그 속에 하얀색 덩어리가 들어있습니다. 강력한 중독성을 가진 마약, 필로폰입니다. 2019년 12월과 지난해 7월에 걸쳐  멕시코에서 국내로 들여왔는데, 이를 다시 호주로 보내려다 덜미가 잡혔습니다. 우리나라를 마약 밀수의 중간 기착지로 활용한 겁니다. [남성훈/부산본부세관 조사국장 : ""아무래도 한국이 다른 나라에서 볼 때는 마약이 그렇게 광범위하게 널리 유통된다 이렇게 보지를 않습니다. 그래서 아마 한국 쪽으로 가면 낫지 않을까 이렇게 생각한 것 같습니다.""] 1차로 보낸 500kg은 지난 5월  호주 연방경찰에 적발됐고, 이어 부산본부세관 등이 마약 이동 경로 추적에 나선 결과 국내에 남아 있던 필로폰 404kg을 찾아냈습니다. 국내에서 압수된 물량만 시가 1조 3천억 원어치로, 1,350만 명이 투약할 수 있습니다. 지난 2018년 112kg이 적발된 이후 가장 많은 양입니다. 수사 당국은 국내 운송책을 구속기소 한 데 이어 호주 국적 총책에 대해 체포 영장을 발부했습니다. 관세청은  해상 화물을 이용한  마약 밀수에 대비해 연말까지 해상 화물 집중 단속을 벌일 예정입니다. KBS 뉴스 최위지입니다. 촬영기자:김기태"
"40대 택배 대리점주, 유서 남기고 극단적 선택…왜?","[앵커]경기도 김포에서 택배 대리점을 운영하던 40대 가장이 유서를 남기고 숨졌습니다. 유족과 동료들은 택배 노조에 가입한 배송 기사들과의 갈등 때문이라고 주장하고 있는데요, 어찌된 일인지,  신지원 기자가 보도합니다. [리포트] 택배 물품들이 쌓여있는 터미널 한쪽에  분향소가 마련됐습니다. 그제 유서를 남기고 숨진 택배 대리점 점주 A씨를 추모하기 위한 곳입니다. 택배 일을 한 지 12년째, 세 자녀를 둔 40대 가장이었습니다. 유족이 공개한 유서에는  A씨가  지난 5월 전국택배노조에 가입한 배송 기사들과 택배 수수료 등을 둘러싸고 겪어온  갈등 상황이 담겨 있었습니다. 이 과정에서  조합원들이 배송을 거부하는 등 집단행동에 나섰다는 겁니다.[동료 대리점주/음성변조 : ""4월달부터 태업, 파업 이런 걸 반복 하다 보니까 (점주가) 하루 3번, 4번씩 이렇게 배송을 나가게 됐어요. 비노조 분들이 조금씩 도움을 줬어요. 그랬더니 노조에 가입했던 기사들이 비노조 분들을 협박하고...""] A씨와 배송 기사들의  SNS 단체 대화방에선  대리점 운영의 여러 문제에 대해  A씨를 규탄했는데, 조롱과 욕설을 섞은 내용도 발견됐습니다.[택배대리점연합회 관계자/음성변조 : ""(수수료 100원이면) 90원 정도는 기사님들이 가져가고 10원 정도는 대리점에서 가져가는 이익구조거든요. 이걸 과도하게 95%를 달라고...악의적 댓글, 인신공격 이런 거에 대해서 되게 많이 힘들어 했던거 같아요.""] 전국택배노조 측은 ""비극적 사건에 깊은 애도를 표한다""며 ""다만, 해당 대리점에서는 수년 동안 수수료가 제때 지급되지 않아 시정을 요구하는 과정 등에서  갈등이 생긴 것""이라고 설명했습니다. 택배노조와 대리점연합회 측 모두 재계약 등을 앞세우며  본사가 책임을 대리점에 미루고 있다고  주장했습니다. 본사인 CJ대한통운 측은 ""지금은 고인의 명복을 빌고 예를 다하는 상황""이라며, ""유가족 지원 방안을 마련 중""이란  입장만 밝혔습니다. KBS 뉴스 신지원입니다. 촬영기자:이상원/영상편집:안재욱/그래픽:이현종"
"국토부, 내년 예산안에 ‘제2공항 사업비’ 편성","국토교통부가 환경부의 제주 제2공항 반려 결정에도 불구하고, 내년 정부 예산안에 제2공항 사업비를 편성했습니다.어제(지난달 31일) 기획재정부가 발표한 내년도 예산안을 보면, 국토부가 항공·공항 관련 시설 예산으로 편성한 4234억 원 가운데 10% 정도인 425억 원이, 제주 제2공항 관련 예산으로 책정됐습니다.내년도 예산안은 오는 3일 국회에 제출돼 상임위와 예결위 심의를 거쳐 12월 본회의 의결을 통해 최종 확정됩니다."
제주 오늘 11명 확진…“거리두기 4단계 당분간 유지”,"제주지역 코로나 상황 전해드립니다. 제주에서는 어제 확진자 10명이 나온 데 이어 오늘도 확진자 11명이 더 나오며 누적 확진자는 2천623명으로 늘었습니다.오늘 0시 기준 백신 1차 접종자는 37만 9천여 명으로 전체 도민의 56.3%, 접종 완료자는 20만 9백여 명, 29.8%로 집계됐습니다.이런 가운데 제주도는 확진자 발생 추이를 좀 더 지켜보고 거리두기 단계를 조정할 계획이라며, 사회적 거리두기 4단계를 당분간 유지하기로 했습니다."
양구·홍천 무단 이탈 외국인 근로자 등 6명 붙잡혀,"양구와 홍천에서 일하다 근무지를 무단 이탈한 외국인 근로자들이 잇따라 붙잡혔습니다.법무부 춘천출입국·외국인사무소는 지난달(8월) 4일과 25일 두 번에 걸쳐 경기도와 충청도, 경상남도 등에 숨어있던 외국인 근로자 5명과 이들을 도운 불법체류자 1명 등 6명을 검거했다고 밝혔습니다.이 가운데 2명은 강제 퇴거돼 본국으로 송환됐고, 나머지 3명에 대해선 조사가 진행되고 있습니다."
"백광석·김시남, 서로 살인 책임 떠넘겨","[앵커] 제주 중학생 피살 사건의 피고인 백광석과 김시남에 대한 첫 재판이 오늘 제주법원에서 열렸습니다. 이들은 피해자의 죽음이 자신들 탓이라고 인정하면서도, 살인의 책임은 서로에게 떠넘겼습니다. 문준영 기자입니다. [리포트] 백광석과 김시남이 호송차량에서 내려 법원 안으로 들어갑니다. 검찰이 지난달 제주시 조천읍 주택에 침입해 중학생을 살해한 혐의로 구속기소 한지 19일 만에 첫 재판이 열린 겁니다. 백 씨는 법정에서  자신 때문에 피해자가 죽었다며 잘못을 시인했습니다. 지금껏 아무런 입장을 밝히지 않았던 김시남도 죽은 피해자와 유족에게 죄송하다며 평생 사죄하며 살겠다고 말했습니다. 그런데 정작 살인 행위에 대해서는 서로 책임을 떠넘겼습니다. 백광석은 피해자만 제압해 달라고 요구했는데, 김 씨가 현장에서 주도적으로 피해자의 목을 졸라 살해했다고 주장했습니다. 반면 김시남은 백 씨가 피해자와 몸싸움을 벌이자 피해자를 눌러 제압했고, 테이프를 가져와 함께 결박했지만 살인은 하지 않았다고 주장했습니다. 살해 현장에서의 역할 분담은 인정하면서도, 살인 혐의는 서로 부인하는 겁니다.[오군성/변호사/피해자 대리인 : ""유족분들은 당연히 이 사건으로 인해서 하루하루 고통 속에서 지내고 있습니다. 특히나 두 피고인이 다시 사회로 돌아오는 것에 대해서 상당히 불안감을 느끼고 있고요. 법이 허용하는 한 최대한 높은 형을 선고해주시길.""] 첫 재판에서 서로 살인에 대한 책임을 떠넘기면서 누가 주도적으로 가담했는지가 앞으로 재판의 쟁점이 될 전망입니다. 백광석과 김시남에 대한 다음 재판은 오는 29일 제주지방법원 제2형사부에서 열릴 예정입니다. KBS 뉴스 문준영입니다."
‘탄소중립기본법’ 국회 통과…긴장하는 산업계 얼마나 준비됐나?,"[앵커]탄소중립은 오는 2050년까지 이산화탄소를 배출한 만큼 흡수해서 실질적인 배출량을 0으로 만든다는 계획입니다.이른바 '탄소중립기본법'이 국회를 통과했습니다.세계에서 열 네번째입니다.9년 뒤, 2030년까지 온실가스 배출량을 35%이상 줄인다는 게 핵심입니다. 기존보다 목표치를  9% 포인트 높였고, 11월 유엔기후변화협약 당사국총회에 이 내용을 제출하게 됩니다.문제는 가장 큰 변화와 부담을 겪게 될 우리 산업계가 얼마나 준비되어 있느냐는 건데 김유대 기자가 기업들의 속사정, 취재했습니다. [리포트] 20년 동안 차량 뼈대를 납품해온 이 업체는 최근 고민이 깊습니다. 전기차가 늘면서 내연기관용 차량 뼈대 수요가 줄고 있기 때문입니다. [김태경/자동차 부품 업체 관계자 : ""(전기차 시장이 확대되면) 기존에 생산하고 있는 부품 수들이 상당히 축소가 됨으로써 매출이 떨어질 것으로 (예상합니다).""] 실제로 2030년까지 온실가스를 35% 이상 줄이려면 지금보다 늘려야 할 전기차 보급은 20배 정도. 이 업체는 전기차 부품 개발을 시작했지만 중소기업 80%는 이런 미래차 전환에 별 대응을 하지 못하고 있습니다. [김태경/자동차 부품업체 관계자 : ""기존 공정에 대비해서 상당한 투자가 발생이 되고, 공장 부지도 전용 공장으로 이루어져야 하는 부분이 있고요.""] 다른 주력산업들도  발등에 불이 떨어졌습니다. 온실가스 배출 1위 철강업계, 석탄 대신 수소를 쓰는  제철 기술을 개발하고 있지만  상용화는 2040년 이후에나 가능할 것으로 보입니다. 석유화학업계의 탄소중립 계획은  '폐플라스틱 재활용' 수준에 머물러 있습니다. [김녹영/대한상공회의소 지속가능경영센터장 : ""아직까지 우리나라의 탄소중립 기술이 미흡한 게 사실입니다. 특히 핵심 기술인 수소연료전지, 탄소 포집·활용·저장 기술 등에서 상당한 격차가 존재합니다.""] 현재 우리나라의 탄소중립 기술은 미국 등 선진국에 비해 80% 수준. 업계는 정부의 제도적 지원이 시급하다고 호소합니다. [정욱조/중소기업중앙회 혁신성장본부장 : ""(탄소중립기본법 하위 법령에) 지원책도 같이 마련돼야 한다고 생각합니다. 정부 정책이 지나치게 기준이 높으면 우리 중소기업이 따라가는 걸 포기할 수가 있거든요.""] 정부는 오는 2030년까지 6조 7천억 원을 투입해 탄소중립 기술 개발을 지원할 방침입니다. KBS 뉴스 김유대입니다. 촬영기자:민창호 김연수/영상편집:김대범/그래픽:최민영"
‘강원형 벤처펀드’ 투자협약식·설명회 열려,"강원도와 강원테크노파크, 펀드 운용사, 투자자 등은 오늘(1일), 춘천스카이컨벤션홀에서 ‘강원형 벤처펀드’ 투자협약식 겸 설명회를 개최했습니다.또, 3개 펀드 운용사들이 펀드별로 운영 계획과 투자방향, 투자대상 등을 설명했습니다.이날 행사는 메타버스와 화상회의시스템을 통해 50여 개 관련 기업이 온·오프라인으로 참여했습니다."
‘KBS시청자주간’ 기념행사 열려…시청자 4명 감사패,"KBS 춘천방송총국은 오늘(1일) 총국에서 '2021년 제2회 KBS 시청자 주간 기념 행사'를 열었습니다.이 자리에선, 박동주 강원도 보건복지여성국장, 나철성 평화경제연구소장, 권혁주 야생생물관리협회 강원도지부 사무국장, 김남민 강원경찰청 경위가 KBS 뉴스 경쟁력 강화에 기여한 공로로 감사패를 받았습니다.신춘범 KBS춘천총국장은 이 자리에서 시청자의 관심과 사랑에 감사드린다며, 국가와 지역 사회 발전에 보탬이 되도록 더 좋은 방송을 만들겠다고 밝혔습니다."
한림대학교 제11대 최양희 총장 취임,"최양희 한림대학교 제11대 총장이 오늘 취임했습니다.최양희 총장은 강원도 강릉 출신으로, 차세대융합기술원 원장과 미래창조과학부 장관을 지냈습니다.최 총장은 누구나 쉽게 접근할 수 있는 열린 대학, 지역과 함께 하는 대학을 만들겠다는 취임 소감을 밝혔습니다."
지학순 주교 탄생 100주년 기념행사 열려,"'지학순 주교 탄생 100주년 기념사업 시민사회추진위원회'는 다음 달(10월) 2일까지 원주시내 곳곳에서 지학순 주교 탄생 100주년을 기념하는 사진과 유물전시회 등 다양한 행사를 마련합니다.지학순 주교는 1965년 천주교 원주교구 초대 교구장으로 부임한 뒤, 원주 최초의 협동조합을 설립하고, 민주화 운동을 주도했습니다."
"강원소방, ‘119소방동요 영상 경연대회’ 개최","강원도소방본부는 오늘(1일) 강원도청에서 ‘제22회 강원도 119소방동요 영상 경연대회’를 열었습니다.유치부에선 홍천 ‘김송근 가족’팀이, 초등부에선 원주 ‘서진이네 팀’이 최우수상을 받았습니다.이번 대회는 코로나19 확산 방지를 위해 참가자들이 제출한 동요 영상으로 평가를 했습니다.최우수팀은 다음달(10월) 개최되는 전국 대회에 참가합니다."
"바이든, “철군 성공” 자평…비판·책임론 잇따라","[앵커]아프가니스탄에서 철군을 마친 바이든 대통령이 전쟁이 끝났다고 선언했습니다.그러면서 철군 과정을 국민들에게 설명하는 연설을 했습니다.미국 내 따가운 시선을 의식해 직접 설득에 나선 건데, 이 내용 워싱턴 연결해 들어봅니다.이정민 특파원, 먼저, 바이든 대통령 뭐라고 했는지부터 들어볼까요? [기자] 20년 전쟁을 끝낸 결정, 그리고 그 시기, 모두 옳았다고 자평했습니다. 대피를 원하는 미국인 90%가 아프간을 빠져나왔다며 철수 과정도 '대단한 성공'이었다고 언급했습니다.  [조 바이든/미국 대통령 : ""역사상 어떤 나라도 이런 일을 이뤄낸 나라가 없습니다. 오직 미국만이 능력과 의지를 갖고 있으며, 오늘 그것을 이뤄냈습니다.""] 다른 나라를 재건하기 위해 군사작전,  특히 지상전을 하는 시대는 끝났다며, 이젠 새 위협에 대비할 때다, 미국의 전략이 근본적으로 변해야 할 시점이라고 했습니다. 심각한 경쟁 중이라고 언급한 중국, 그리고 러시아, 사이버 공격, 핵 확산을 새 도전 과제로 지목했습니다. [앵커]여러가지 비난을 정면돌파하려는 것 같은데 분위기는 어떻습니까. [기자] 철군 자체에 대한 비판보다는 과정과 결과를 두고 거센 비판이 여전합니다. 미국 언론들 평가, 냉정합니다. 철군은 도망치듯 했고, 그나마도 2백 명 가까운 미국인, 수천 명 아프간인 두고 나왔다며 ""도덕적 재앙""이다, ""미국에 대한 냉소주의가 깊어질 거다"", ""대통령 리더십에 의문이 든다""고  비판했습니다. 미국 정가도  공화당 중심으로 대통령 책임론이 거셉니다.  [케빈 매카시/미 하원 공화당 원내대표 : ""거짓말은 그만하고, 책임을 져야 합니다. 무엇보다 우리 국민들을 데려와야 합니다. 이런 상황이 우리의 역사가 돼선 안 됩니다. 이렇게 끝낼 순 없습니다. 용납할 수 없는 일입니다.""] [앵커]미군은 떠났고, 아프가니스탄 상황은 어떤가요? [기자] 탈레반은 국영 TV와 기자회견을 열어 외국과 동등한 외교 관계 맺고 투자 여건도 조성하겠다며 대내외의 인정을 구했습니다. 하지만 주변 국가들은 여전히 자국에 피해갈까 노심초사하는 모양샙니다. 유럽연합은  아프간 난민 몰려오는 걸 막겠다며 공동 대응을 결의했는데, 파키스탄, 우즈베키스탄 등 인접 국가에 난민을 받게 하고 돈을 지불하는 방안까지 검토 중이라는 보도가 나왔습니다. 자국에 미칠 안보 위협, 테러 위협 걱정하는 중국, 러시아는 각각 미국 책임론, 탈레반 지원 필요성을 주장하며 상황을 예의 주시하고 있습니다. 촬영기자:오범석/영상편집:이진이/그래픽:김지훈"
성남시 본청·행정복지센터 직원 3명 확진…170여 명 검사,
불법 대부업자 23명 검거…“고금리에 협박까지”,
"일부 슬라임, 방부제·납 257배 초과…어린이용품 ‘리콜’",
‘집단식중독’ 안산 사립유치원장 2심서 감형…징역 4년,
"고양시, 목욕장업 58개소 ‘집합금지 조치’",
"내년도 제주도 국비 1조 8천억, 역대 ‘최고’","내년도 정부 예산안에 반영된 제주도 국비 지원액이 역대 최고 수준인 1조 8,191억 원으로 나타났습니다.이는 올해 국비 1조 4,839억 원과 비교하면 22.6% 증가한 것으로, 정부 예산 증가율 8.3%보다 14.3% 포인트 높은 수준입니다.분야별로 보면 4·3 희생자에 대한 1차년도 배·보상 1,810억 원과 화순항 건설 99억 원, 제주 도두 하수처리시설 현대화 65억 원 등이 반영됐고, 제주권역 감염병 전문병원 설치를 위한 설계비와 용역비 25억 원은 반영되지 않았습니다."
오라광광단지 “사업 규모 축소하고 녹지공간 조성”,"제주 최대 규모의 민간 개발 사업인 오라관광단지 사업 규모가 축소됐습니다.사업자인 JCC가 제주도에 제출한 새 사업계획서를 보면 기존 5조 원 이상의 사업비를 약 15% 줄이고, 건축물 연면적을 약 14% 축소하는 한편, 3천 570실 규모의 숙박시설 객실도 21%가량 줄이겠다는 내용이 담겼습니다.JCC는 또, 전체 부지의 약 63%를 녹지공간으로 조성해 친환경 복합리조트를 추진할 계획이라며, 사업 추진 의지에는 변함이 없다고 설명했습니다."
[단독] 불 난 식당 LPG 판매업체 무허가로 벌크 공급?,"[앵커] LPG 속보 이어서 전해드립니다. 어제 한 식당에서 가스 누출에 의한 불이 나 1명이 크게 다쳤는데요, 해당 식당에 LPG를 공급하는 판매점이 불법 영업을 해왔을 가능성이 제기되고 있습니다. 김가람 기자의 보도입니다. [리포트] 화염으로 인해 건물 구조물이  엿가락처럼 휘어버린 음식점. 소방당국은 이곳에 설치된 소형 저장탱크에 LPG 운송 차량인 벌크로리로 LP 가스를 충전하는 과정에서 불이 난 것으로 보고 있습니다. 그런데 애초에  소형 저장탱크에 가스를 충전하는 행위 자체가 불법이었을 가능성이 제기되고 있습니다. 액화석유가스법은 LPG의 사용시설을 설치한 뒤 사용하기 전에 완성검사를 받도록 규정했습니다. 하지만 제주시와 한국가스안전공사 확인 결과 음식점 탱크에 대한 완성검사 기록이 없는 것으로 나타난 겁니다. 이뿐만이 아닙니다. LPG 판매업은 용기에 충전된 가스를 판매하는 용기 판매사업과, 벌크로리 차량으로 저장설비에 공급하는 소위 벌크판매 사업으로 나뉘는데 각각 허가를 받아야 합니다. 또 벌크 판매 사업자끼리는 서로 위탁충전을 의뢰할 수 있는데 이번 화재도 위탁충전 과정에서 발생했습니다. 그런데 취재진이 불이 난 음식점의 가스대금 입금내역 등을 토대로 확인한 판매점의 경우에는 벌크 허가를 받지 않았습니다. 위탁충전 역시도 문제의 소지가 있을 수 있는 겁니다. 이에 대해 해당 판매점의 대표에게 수차례에 걸쳐 입장을 물었지만 제대로 된 답을 들을 수 없었습니다. 다만 또 다른 공동 대표는 취재진과의 통화에서 현재 조사가 이뤄지고 있어 답변할 수 없다는 입장을 전해왔습니다. 한국가스안전공사와 관계 기관들은 이번 화재의 정확한 원인과 함께 불법 여부도 조사하고 있습니다. KBS 뉴스 김가람입니다."
"40대 택배 대리점주 극단적 선택, 왜?",
‘고수익 알바 유혹’에 걸려든 보이스피싱 공범들,
‘탄소중립기본법’ 국회 통과…긴장하는 산업계 얼마나 준비됐나?,
"“‘쓰레기 대란’…전주시, 적극적인 대처 촉구”",
사격 박진호 0.1점 차이로 은메달,"사격 10m 공기소총 복사 종목에선 박진호가 아깝게 금메달을 놓쳤습니다.불과 0.1점 차이였는데요.하지만 박진호 선수, 이번 대회에만 2개의 메달을 목에 걸었습니다. 박진호는 패럴림픽 예선 최고 기록을 세우며 1위로 결선에 진출했습니다. 결선 무대에서도 박진호의 상승세는 계속됐습니다. 총 24발 중 21발까지 연속 10점을 넘기며 선두로 올라섰는데요, 하지만 22발 째에  9.6점을 쏘는 바람에 2위로 밀려났고, 결국 1위에 단 0.1점 뒤진 253.0점으로 은메달을 차지했습니다. 입사 종목 동메달에 이어 복사에서는 은메달을 따낸 박진호, 시상식에서 활짝 웃었습니다.  남자 탁구 단체 4강전에서는 김영건, 김정길,백영복 조가 프랑스를 2대 0으로 꺾고 내일(2일) 중국과 금메달을 놓고 대결합니다. 남자 1-2등급과 여자 1-3등급에 출전한 탁구 대표팀도 나란히 결승에 올랐습니다."
‘붕괴사고’ 감리 책임자 첫 공판…검 “병합 요청”,"광주지방법원 제11형사부는 업무상 과실치사상과 건축물관리법 위반 혐의 등으로 기소된 감리자 겸 모 건축사무소 대표 차 모 씨에 대한 첫 공판을 진행했습니다.차 씨는 지난 6월 발생한 학동 재개발구역 철거 건물 붕괴사고와 관련해 해체 계획서 이행 여부 확인 등 공사에 대한 관리 감독을 소홀히 해 철거 중이던 건물의 붕괴로 9명을 숨지게 하고, 8명을 다치게 한 혐의로 기소됐습니다.이날 재판에서 검사와 피해자 측 변호인은 재판부에 차 씨를 비롯한 사건 관련 공범들의 재판을 병합해 진행해달라고 요청했습니다."
"“‘쓰레기 대란’…전주시, 적극적인 대처 촉구”",
장흥서 전자발찌 끊고 달아난 마창진 씨 공개수배,법무부와 광주보호관찰소 해남지소가 장흥에서 전자발찌를 끊고 도주한 50살 마창진씨를 공개 수배했습니다.마 씨는 지난달 21일 장흥군 장평면 한 야산에서 전자발찌를 끊고 달아난 혐의를 받고 있습니다.마 씨는 2011년 미성년자 두 명을 성폭행해 징역 5년형을 선고받고 출소한 뒤 전자발찌를 부착한 채 지내왔습니다.
“시장흐름 ‘존중’…체계적 정책 ‘절실’”,"[앵커] 전주시가 조정대상지역으로 지정된 뒤 전북지역 부동산 시장의 동향과 아파트값 안정화 대책을 살펴보는  생방송 심층토론이 어젯밤 KBS 1TV에서 방송됐습니다. 토론자들 수요에 맞게 공급을 늘리는 체계적인 부동산 정책이 마련돼야 한다고 입을 모았습니다. 이종완 기자가 정리했습니다. [리포트] 노동식 공인중개사협회 전북지부장은 전주지역 아파트 가격이 조정대상지역 지정 이후에도 안정화되지 않는 이유로 투기자들이 출구전략을 찾지 못했다며, 공급 부족과 맞물려 대선을 앞두고 기대심리가 작용한 탓이라고 분석했습니다. [노동식/한국공인중개서 협회 전북지부장 : ""이들(투기자)이 팔 시기를 놓치다 보니까 앞으로 대선도 있고 또 세금도 완화정책을 한다고 하니까 그러면 (내년) 6월까지 가보자, 그래서 6월 이후 매물이 급격히 감소한 상황이거든요.""] 정철모 전주대 명예교수는 전라북도의 신규아파트 공급정책이 체계적이지 않다보니 수요를 따라가지 못해 가격 상승이 이어지고 있는 것이라며 백 퍼센트가 넘는다는 주택보급률 논리는 잘못된 접근 방식이라고 비판했습니다. [정철모/전주대 부동산국토정보학과 명예교수 : ""신규주택을 공급해서 필요성이 있겠느냐 기존의 구도심 노후주택에 사람들이 들어가서 살면 되지, 그런 차원에서 적극적인 신규 주거단지에 대한 조성계획이 없었던 것이 주택가격상승을 더 뒷받침해주는….""] 노 지부장은 외지인 투기 이후 미분양 사태가 불거졌던 2천18년을 떠올려야 한다며, 아파트 공급이 본격화되면 지금의 아파트 시장에도 큰 변화가 예상된다고 경고했습니다. [노동식/한국공인중개사협회 전북지부장 : ""외지인 투자자들이 사재기를 해서 오르는 것이지 지역민들이 아파트를 사서 오르는 건 아니거든요. 그렇다면 2019년도 말에도 미분양이 왔었거든요….""] 정 교수는 아직도 전주지역에는 신규 아파트 수요가 많아  가격 상승은 이어질 것이라며, 자치단체가 체계적으로  아파트 공급 정책을 마련하는 게 시장 안정화를 꾀하는 대안이라고 조언했습니다. [정철모/전주대 부동산국토정보학과 명예교수 : ""가격은 상승요인이 있어서 대규모 아파트 단지를 공급할 수 있는 택지개발 구상들을 체계적으로 마련해서 로드맵을 제시해야 하지 않을까….""] 부동산 시장 안정화 대책으로 노 지부장은 수요에 맞는 공급을 우선시하되 세금은 낮추는 원활한 시장 흐름 존중의 필요성을, 정 교수는  극약처방 성격의 규제 일변도가 아닌 주거의 질과 복지를 높이는 체계적인 정책이 추진돼야 한다고 강조했습니다. KBS 뉴스 이종완입니다.촬영기자:김경섭"
"대전시, ‘죽동 2지구’ 토지거래허가구역 신규 지정","대전시가 정부의 공공주택 조성사업 후보지로 선정된 죽동 2지구를 오는 5일부터 2년 동안 토지거래허가구역으로 지정합니다.이번에 새로 지정되는 택지는 지족동과 죽동, 노은동과 장대동 등 4개 동 0.85㎢입니다.토지거래허가구역은 투기가 우려되는 지역에서 일정 규모 이상 땅을 거래할 때 시군구청장의 허가를 받게 한 제도로 대전에는 현재 안산국방산업단지 등 9곳이 지정돼 있습니다."
"충청권 4개 시도, ‘2027 하계 유니버시아드’ 유치의향서 제출","충청권 4개 시도가 2027년 하계 유니버시아드 대회 공동 개최를 위한 유치의향서를 국제대학스포츠연맹에 제출했습니다.충청권 4개 시도는 앞서 하계 유니버시아드 대회를 공동 개최하기로 합의한 뒤 지난 6월, 국내 후보 도시로 선정돼 문체부 승인 등을 거쳤습니다.2027년 하계 유니버시아드 개최지는 현지 실사와 최종 평가 등을 거쳐 내년 1월, 최종 선정될 예정입니다."
현대제철 자회사 공식 출범…노조는 10일째 파업,"[앵커] 노조의 반발 속에 현대제철 자회사가 오늘(1일) 공식 출범했습니다. 노조원들은 간판만 바꾼 하청업체라며 현대제철의 직고용을 요구하며 파업을 벌이고 있는데요. 현대제철 직원들 사이에서 이같은 노조 요구에 대한  반감이 커지고 있어 노노 갈등 조짐도 보이고 있습니다. 서영준 기자의 보도입니다. [리포트] 현대제철이 사내 비정규직 해소를 위해 설립한 자회사가 공식 출범했습니다. 현대제철에 파견돼 일하던 협력업체 노동자 7천여 명 가운데 4천 4백여 명이 입사했고, 2천 6백여 명은 합류를 거부했습니다. 거부한 이들은  실질적인 사용자 역할을 한 현대제철의 직접 고용을 요구하며 열흘째 파업을 벌이고 있습니다. [최범규/현대제철 비정규직지회 부지회장 : ""정규직 채용이 저희도 물론 어렵다는 건 알고 있습니다.하지만 본질적으로 이문제를 해결하기 위해서는 현대제철이 결단을 해야 된다고 보고 있구요.""] 현대제철은 비정규직 해소를 위한 방안으로 자회사까지 설립한 만큼 더이상은 안된다는 입장입니다. 노조의 직고용 요구에 대해서는 현대제철 정규직들의 반발도 커지고 있습니다. 별도의 검증절차가 없이 실시된  자회사 채용도 이해하기 어렵지만, 현대제철 직접 고용까지 요구하는 건 받아들일 수 없다는 것입니다. [현대제철 직원/음성변조 : ""수백 대 1의 경쟁률을 뚫고 이 회사를 들어왔거든요. 이 사람들은 그런 검증이나 이런 것들이 뭐 철저히 저희가 들어올 때 하고는 다르다 보니까….""] 이런 상황에서 현대제철 자회사 직원들이 오늘부터 생산공정에 투입되면서 입사를 거부한 노동자들과 함께 근무할 수밖에 없게 돼 현장의 긴장감이 커지고 있습니다. 노조는  현대제철이 직접 대화에 나서지 않으면 투쟁 강도를 높이겠다고 경고하고 있어 갈등수위도 고조되고 있습니다. KBS 뉴스 서영준입니다. 촬영기자:홍순용"
충남 국민지원금 지원 대상 186만 명…전체의 87%,"충청남도는 도민의 87%에 해당하는 186만 명에게 코로나 국민지원금으로 1인당 25만 원을 지급한다고 밝혔습니다.이번 지급 대상자는 기준중위소득 180% 상당 기준액 등으로 선정했으며, 전체 지급액은 4천 658억 원입니다.지원금 조회·신청은 오는 6일부터 카드사와 건보공단 홈페이지와 앱 등 온라인으로 가능하며 오는 13일부터는 읍면동 주민센터와 카드 연계 은행 창구 등에서 신청할 수 있습니다."
“살려주세요” 외침에 ‘심폐소생’하고 떠난 한전 직원,"[앵커] 전기 검침 중이던 한전 직원이 옆집에서 '살려달라'는 소리를 듣고 달려가  의식을 잃고 쓰러진 80대 할아버지를  심폐소생술로 살렸습니다. 할아버지를 살린 이 직원은 감사 인사도 받지 않고 바로 현장을 떠났는데, 인근 주민의 제보로 선행이 알려졌습니다. 박연선 기자가 보도합니다. [리포트] 119구급대원들이 의식을 잃었다 되찾은 80대 할아버지를  병원으로 옮깁니다. 이 할아버지는 사레에 들려 기침을 하다 갑자기 심정지가 와 쓰러졌습니다. 손 쓸 새도 없이, 워낙 순식간에 벌어진 일이라 할머니는 발만 동동 굴렀습니다. [권영석/부인 : ""숨을 안 쉬고 가만히 서 있더라고요. 아이고 저거 어떻게…. 그러는데 벌써 축 늘어지면서 머리가 그냥 떨어지는 거예요.""] 하마터면 목숨을 잃을 뻔했던 상황. 할아버지를 구한 건 옆집에서 전기 검침을 하던  한전 직원이었습니다. 살려달라는 할머니 목소리를 듣고  다급한 상황을 직감하고 달려왔습니다. 곧바로 119에 신고를 한 뒤  10분 넘게 심폐소생술을 했습니다. 응급처치 덕분에  할아버지는 호흡과 맥박이 돌아왔고, 병원으로 옮겨져 안정을 되찾았습니다. [이상구/한전 수납담당 : ""상황을 보니까 아무 미동이 없어요. 그래서 먼저 심폐소생술을 했어요. 1년에 한 번 교육을 받는데, 배운대로 하니까 되더라고요.""] 이 씨는 당시 일이 바쁘다며 감사 인사도 안 받고 자리를 떴지만, 이를 지켜본 주민들에 의해 선행이 알려졌습니다. [박용만/목격자 : ""지나가다가 보니까 소방에서 오고..한전 직원이 심폐소생술 했다고 하고…. 언뜻 보니까 이상구 씨라는 분이….""] 대전소방본부는 할아버지의 생명을 구한 이 씨에게 선행 표창을 할 계획입니다. KBS 뉴스 박연선입니다. 촬영기자:홍성훈"
"춘천시, 지정 해제 도시계획도로 부활 추진","[앵커] 춘천시는 20년 동안 사업을 하지 않았던 도시계획도로를  2년 전에 대폭 해제했습니다. 그런데, 이 가운데 일부를 선별적으로 다시 지정하기로 했는데요. 이재경 기자가 취재했습니다. [리포트] 춘천시 외곽에 위치한 주택가입니다. 진출입로는 포장까지 잘 돼  있지만 건축법상 정식 도로가 아닙니다. 이 길 위에 도시계획시설로 지정됐던 예정도로가  20년간 공사를 하지 않아 도시계획시설에서 해제됐기 때문입니다. 현재는  대부분 지목상 밭으로 돼 있는 사유지를  도로처럼 사용하다보니 통행을 놓고 한 때 주민들 간에 갈등이 빚어지기도 했습니다. 결국 춘천시가 해제 2년도 안돼  다시 도시계획시설로 지정하기로 했습니다.춘천시는 올해 실효됐던 도시계획시설을 재지정하는 사업에 착수했습니다. 재지정 요구가 거셌던 곳이 우선 사업 대상지역입니다. 첫해인 올해는 먼저 5개 노선을 재지정합니다. 4개 노선은  시도시계획위원회를 통과했고 1개 노선은 재심의하고 있습니다. 예산집행계획은 이미 마련됐습니다. 이렇게 3년차 사업으로 24개 노선을 도로로 우선 재지정합니다.[최원종/춘천시 도시계획과장 : ""사유지를 매입하는 것을 전제로 하고 있고요. 일부 도로 폭이 협소한 구간이나 이런 구간에 대해서는 예산을 편성해서 내년부터 연차적으로 사업을 집행할 계획에 있습니다.""] 사라졌던 도시계획도로가  다시 재지정된다는 소식에 도로 건설을 바라던 주민들은  반깁니다.[신현기/춘천시 동내면 : ""통행이 상당히 빈번한 도로인데 가끔씩 이해 관계로 인해서 막히는 현상이 있다보니까 주민들이 내용은 정확히 모르면서도 상당히 답답하고 그런 상황인데 이렇게 됐다니까 환영합니다.""] 춘천시는 사업을 진행시켜가면서 추가로 도시계획시설을 재지정하는 방안을 검토하기로 했습니다. KBS 뉴스 이재경입니다. 촬영기자:홍기석"
재정자립도 13% 대덕구…어린이 용돈수당 재추진?,"[앵커] 대전 대덕구가 지난 7월 구의회에서 예산이 전액 삭감된  '어린이 용돈수당'을 재추진해  논란이 빚어지고 있습니다. 구 재정이 열악한 상황인데도  내년 지방선거를 겨냥한  구청장의 선심성 정책 아니냐는 지적이 야당 소속 구의원들을 중심으로 계속되고 있습니다. 조정아 기자입니다. [리포트] 대덕구에 사는 10살 이상 12살 이하 어린이에게 매달 2만 원씩 지역 화폐로 지급하려는 '어린이 용돈수당'. 인구 유출을 막고  아이들의 경제관념도 키운다는 취지에서  대덕구가 전국 최초로 추진하는 정책입니다. 그러나 지난 7월 열린 구의회 본회의에서  이를 반대하는 야당 의원들의 불참으로 예산이 전액 삭감돼 제동이 걸렸습니다. 재정자립도가 13.8%에 불과해  5개 자치구 중  가장 재정이 열악한 대덕구가 무리하게 추진할 정책은 아니라는 겁니다. 내년 선거를 앞두고 '선심성 정책'이라는 비판도  끊이지 않고 있어 더 논란입니다. [김수연/대덕구의원 : ""차라리 그 돈으로, 3년 동안 32억여 원이 투자되는데 그 돈으로 아이들을 위한 교육 기반을 조성하는데 사용했으면 좋겠다고 생각합니다.""] 하지만 대덕구는  예산 삭감 한 달여 만에 용돈수당 사업 재추진에 나섰습니다. 당초 계획대로  오는 10월 용돈수당을 지급하기 위해 이달 임시회에 관련 예산을 다시 제출한 겁니다. 용돈수당에 필요한  1년 예산은 12억여 원으로, 본예산의 0.2% 수준에 불과하다며 다른 자치구로 전출하는 학생들의 유출을 막을 수 있는 정책이 시급하다고 밝혔습니다. [이선규/대덕구 일자리경제과장 : ""학생 수가 대전시 동학년 수와 비교하면 10분의 1수준인 4천3백여 명입니다. 대덕구 입장에서는 아이들이 떠나는 상황을 막아야 하고, 이를 위한 정책 중 하나가 어린이 용돈 수당입니다.""] 양측의 의견 차가  좀처럼 좁혀지지 않은 가운데 이번 임시회에서도 갈등이 불거지면  의장이 직권상정할 가능성도 있어  논란은 계속될 것으로 보입니다. KBS 뉴스 조정아입니다. 촬영기자:서창석"
원주 문막교 재가설 논란…“왕복 4차선은 돼야”,"[앵커] 원주시가 노후 교량인 문막교를 다시 만드는 사업을 추진하고 있습니다. 하지만, 주민들의 반발이 이어지고 있는데요. 새로 만들 다리가 지금하고 같은 규모이기 때문입니다. 박성은 기자의 보도입니다.[리포트] 원주 문막굡니다. 1963년  왕복 2차선으로 준공됐습니다. 차선 도색은 지워져  제대로 보이지도 않습니다. 군데군데 패인 곳도 있습니다. 특히, 도로 폭이 좁다보니 인근 공단에서 왕래하는 대형 차량은  제대로 진입하기조차 힘듭니다. 문막교는 2019년 안전진단에서 C등급을 받아 안전 문제도  끊임없이 제기돼 왔습니다. 이에 따라, 원주시는 문막교의 재가설을 추진하고 있습니다. 내년부터 2025년까지 국비 등 350억 원을 들여 왕복 2차선 규모로 지을 생각입니다. 하지만, 이건 규모가 너무 작다는 지적이 나옵니다. 주민들은 새로 지어질 문막교의 크기가 왕복 4차선 규모는 돼야 한다고 주장하고 있습니다. 문막교가  지역의 관문인데다  인근 공단의 대형 화물차가 원활하게 다니기 위해선 차선이 더 있어야 한다는 얘깁니다.[조준규/원주시 문막읍번영회장 : ""대형차들이 진입도 제대로 안되는 상태의 도로를 그대로 만든다는 건 주민으로서 이해가 안되기 때문에.""] 원주시는 교량이 4차선으로 확장할 경우, 사업비가 크게 늘어나  국비 확보에 어려움이 생길 수도 있다고 설명합니다. 비록 차선은 기존대로 왕복 2차선이지만, 다리 폭이  6미터 정도 넓어지기 때문에 소통에도 큰 무리가 없을 것이라고 덧붙였습니다.[원주시 공무원 : ""왕복으로 2차로로 해도 충분하다는 것으 로 해서 검토가 됐기 때문에.""] 원주시는 향후 교통량이 증가할 경우 왕복 2차선 다리를 하나 더 붙여 세우는 방법도 계획하고 있다며, 여론 달래기에 나섰습니다. KBS 뉴스 박성은입니다. 촬영기자:최중호"
"춘천시, 지정 해제 도시계획도로 부활 추진","[앵커] 춘천시는 20년 동안 사업을 하지 않았던 도시계획도로를  2년 전에 대폭 해제했습니다. 그런데, 이 가운데 일부를 선별적으로 다시 지정하기로 했는데요. 이재경 기자가 취재했습니다. [리포트] 춘천시 외곽에 위치한 주택가입니다. 진출입로는 포장까지 잘 돼  있지만 건축법상 정식 도로가 아닙니다. 이 길 위에 도시계획시설로 지정됐던 예정도로가  20년간 공사를 하지 않아 도시계획시설에서 해제됐기 때문입니다. 현재는  대부분 지목상 밭으로 돼 있는 사유지를  도로처럼 사용하다보니 통행을 놓고 한 때 주민들 간에 갈등이 빚어지기도 했습니다. 결국 춘천시가 해제 2년도 안돼  다시 도시계획시설로 지정하기로 했습니다.춘천시는 올해 실효됐던 도시계획시설을 재지정하는 사업에 착수했습니다. 재지정 요구가 거셌던 곳이 우선 사업 대상지역입니다. 첫해인 올해는 먼저 5개 노선을 재지정합니다. 4개 노선은  시도시계획위원회를 통과했고 1개 노선은 재심의하고 있습니다. 예산집행계획은 이미 마련됐습니다. 이렇게 3년차 사업으로 24개 노선을 도로로 우선 재지정합니다.[최원종/춘천시 도시계획과장 : ""사유지를 매입하는 것을 전제로 하고 있고요. 일부 도로 폭이 협소한 구간이나 이런 구간에 대해서는 예산을 편성해서 내년부터 연차적으로 사업을 집행할 계획에 있습니다.""] 사라졌던 도시계획도로가  다시 재지정된다는 소식에 도로 건설을 바라던 주민들은  반깁니다.[신현기/춘천시 동내면 : ""통행이 상당히 빈번한 도로인데 가끔씩 이해 관계로 인해서 막히는 현상이 있다보니까 주민들이 내용은 정확히 모르면서도 상당히 답답하고 그런 상황인데 이렇게 됐다니까 환영합니다.""] 춘천시는 사업을 진행시켜가면서 추가로 도시계획시설을 재지정하는 방안을 검토하기로 했습니다. KBS 뉴스 이재경입니다. 촬영기자:홍기석"
올림픽 못지 않은 불꽃 승부…시각 한계 뛰어넘은 스피드,"[앵커]도쿄 패럴림픽 소식입니다.육상 100미터 경기를 올림픽의 꽃이라 부르는데요.패럴림픽에서도 폭발적인 속도 경쟁이 펼쳐집니다.앞을 전혀 볼 수 없는 시각장애인 종목에서도 10초 대 불꽃 승부가 펼쳐지는데요.손에 땀을 쥐게 하는 멋진 질주, 함께 보시죠.하무림 기잡니다. [리포트] 출발 총성이 울리자  폭풍같은 질주가 시작됩니다. 앞이 전혀 보이지 않지만 올림픽 못지 않은 폭발적인 속도의 경쟁이 펼쳐집니다. 그리스의 가벨라스는 예선에서  10초 88의 세계 신기록을 세웠습니다. 시각 장애인 최초로 10초대 기록을 세웠던 미국의 브라운도 한계를 넘기 위한 도전을 계속하고 있습니다. [데이비드 브라운/미국 육상 국가대표 : ""'우리에겐 날개가 있다'는 패럴림픽의 주제처럼 우리는 무엇이든 할 수 있다고 생각해요. 제 인생의 신조는 목표를 향해서 최선을 다하는 겁니다.""] 13살에 시력을 잃은 브라운은, 달리기를 통해 희망을 찾았고  어머니가 만들어준 안대를 쓰고 세계적인 육상 스타가 됐습니다.[데이비드 브라운/미국 육상 국가대표 : ""제 약혼녀 레베카 힐이 양궁 선수인데, 저도 한국 양궁의 팬이에요. 어려운 결정을 내리는 것을 두려워하지 마세요! 올해 저는 정말 힘든 일을 겪었지만, 지금 여기 패럴림픽에 왔고 미래를 위해 경쟁하고 있습니다.""] 휠체어로 달리는 남자 800m T53의 패럴림픽 기록은 1분 36초대로  올림픽 800m보다 4초 정도 빠릅니다. 아직도 우리 사회 일각엔 장애에 대한 잘못된 인식이 존재합니다. 하지만 패럴림픽 선수들은 비장애인 선수 이상의 결과로 그 편견을 깨뜨리는 역할을 하고 있습니다. 도쿄에서 KBS 뉴스 하무림입니다. 촬영기자:오광택/영상편집:이형주"
"25명 신규 확진…충북 누적 5,226명","오늘 충북에서 코로나19 신규 확진자 25명이 더 나왔습니다.청주에서는 무증상 선제검사를 받은 외국인과 교정시설 관련 확진자가 잇따르는 등 모두 21명이 양성 판정을 받았습니다.충주와 진천, 음성, 괴산에서도 각각 1명씩 확진자가 더 나와 충북의 코로나19 누적 확진자는 5,226명으로 늘었습니다.한편 4차 대유행으로 지난 8월 한 달 발생한 코로나19 확진자는 1,334명으로 전체 누적 확진자의 25.5%를 차지했습니다."
‘충청이 첫 승부처’ 민주당 대권 레이스 시작,"[앵커] 더불어민주당의 대선 주자 경선이 이번 주말 충청권을 필두로 본격 일정에 들어갑니다. 이를 위한 충북의 권리당원 투표가 오늘 시작됐는데요. 충북을 비롯한 충청권 표심이 앞으로의 경선 판세에 적지 않은 영향을 미칠 것으로 보입니다. 송근섭 기자가 보도합니다. [리포트] 더불어민주당 대통령 후보 경선의  첫 승부처는 충청권입니다. 대전·충남에 이어 충북과 세종의 권리당원 투표로 본 경선의 막이 올랐습니다. 권리당원 투표는 권역마다 닷새 동안 온라인과 ARS로 진행됩니다. 이어 4일에는 대전, 5일에는 청주에서 경선 후보들의 합동 연설회와 지역별 대의원이 참여하는 현장 투표가 열립니다. 투표가 끝난 뒤 대의원과 권리당원 표를 합산해 현장에서 개표 결과가 발표됩니다. 핵심 당원들의 표심을 처음으로 확인하는 만큼 당 안팎의 관심이 이번 주말 진행되는 충청권 경선에 집중돼 있습니다. [송영길/더불어민주당 대표 : ""민주당 경선 사상 최초로 충청권에서 첫 경선 테이프를 끊게 됩니다. 대한민국의 중심이자 선거의 풍향계인 충청권에서 역동적이고 감동적인 경선 드라마를 써 내려갈 것입니다.""] 본 경선을 앞둔 후보들은 연이어 충북 등 충청권을 찾아 지지를 호소해 왔습니다. 이재명, 이낙연 후보는 청주 오송을 대전 대덕 특구와 연계해 첨단과학과 바이오 연구의 중심지로 만들겠다고 말했습니다. 정세균, 박용진 후보는 강원과 충청, 호남을 연결하는 고속철도망 완성을 약속했습니다. 김두관 후보는 충청권 광역철도 구축을, 추미애 후보는 4차산업 육성을 내세웠습니다. 세종시의 행정수도 완성과 충청권 메가시티 조성을 모든 후보가 공약한 가운데 경선 첫 표심이 누구를 향할지 이번 주말 전국의 관심이 충청권으로 쏠릴 전망입니다. KBS 뉴스 송근섭입니다. 촬영기자:박준규"
정정순 전 의원 당선무효 확정…선관위 공고,21대 국회의원 가운데 처음으로 더불어민주당 정정순 의원의 당선 무효가 확정됐습니다.청주시 상당구 선거관리위원회가 오늘 당선 무효를 공고함에 따라 청주시 상당구는 내년 대통령선거와 함께 국회의원 재선거를 치르게 됐습니다.정 전 의원은 회계책임자가 선거법 위반으로 천만 원의 벌금형을 확정받으면서 관련 규정에 따라 당선 무효 처리됐습니다.
광주 생산 경형 SUV ‘캐스퍼’…출시 임박,"[앵커] 광주글로벌모터스가 처음 위탁 생산을 맡게 된 현대차 경형 SUV 디자인이 공개됐습니다. 오는 15일부터 본격 양산을 앞둔 가운데 시장 반응이 중요한데요. 광주형일자리사업의 성공적인 시작점이 될 지 관심입니다. 보도에 최송현 기자입니다. [리포트] 현대자동차의 첫 경형 SUV 모델 '캐스퍼'입니다. 스케이트보드를 뒤집어 착지하는 기술명을 따왔습니다. 외관 디자인은 당당함과 견고함을 바탕으로 젊고 역동적인 감성으로 표현했습니다. 전장 3.5미터 전폭과 전고는 1.5미터 크기에 가솔린 2개 모델로 구성됐습니다. 차량 생산은 광주형일자리로 탄생한 광주글로벌모터스 공장에서 이뤄집니다. 글로벌모터스는 올 연말까지 만2천대 생산을 목표로 오는 15일부터 본격 양산에 들어갑니다. 현대차 역시 캐스퍼 전용 사이트를 열고, 조만간 사전예약을 진행할 예정입니다. 차량 출시는 올 하반기 중 이뤄질 예정이며, 차량 가격 경쟁력을 고려해 판매는 온라인으로 이뤄지게 됩니다. 중요한 건, 시장 반응입니다. 지난해 국내 경차 판매 대수가 10만대에 미치지 못하는 등 경차 수요가 줄고 있기 때문입니다. 그만큼 광주형 일자리 사업의 성공적인 정착을 위해서는 취등록세 면제 등 제도적 뒷받침과 함께 소비촉진을 위한 노력이 중요합니다. [손경종/광주시 인공지능산업국장 : ""상생형 일자리 1호 사업이기 때문에 우리시에서도 캐스퍼 판매를 위한 다양한 홍보전략을 짜고 있고요. 광주 시민만이 받을 수 있는 혜택들 그런 부분도 고민하고 있습니다.""] 이와 함께 광주글로벌모터스가 위탁생산 전문공장으로서 얼마나 높은 품질의 차량 생산 능력을 보여주느냐 역시 중요한 과제로 꼽히고 있습니다. KBS 뉴스 최송현입니다. 촬영기자:박석수"
“남극에서 농사를?”…남극 세종기지서 수박 재배 성공,"[앵커] 남극에서 농사를 짓는다는 건 상상하기 어려운 일인데요. 농촌진흥청이  남극 세종과학기지에 보낸 실내농장 컨테이너에서  수박과 방울토마토와 같은 열매채소가 열렸습니다. 진유민 기자의 보도입니다. [리포트] 겨울철에는 영하 25도까지 기온이 떨어지는 남극 세종 과학기지. 온통 새하얀 눈으로 뒤덮인 곳이지만  기지 한편에 있는 컨테이너에는 실내농장이 꾸려졌습니다. 잘 익은 고추와 빨간 빛깔의 방울토마토, 줄무늬가 선명한 미니 수박까지. 남극에서 생소한 열매채소가 먹음직스럽게 열렸습니다.[""진짜 수박 냄새난다. 와 달다. 완전 설탕.""] 최근 코로나19로  주변 기지와도 왕래가 끊기면서 신선한 식재료 구하기가  어려워진 대원들은, 실내농장 덕분에  직접 재배하고 수확한 농산물을 먹을 수 있게 됐습니다.[윤의중/남극 세종과학기지 대장 : ""전에는 식사 때 냉동 가공된 음식만 조리하여 먹었는데, 이제는 매주 푸른색의 상추를 식탁 가득 제공하니 분위기도 더 좋아진 것 같습니다.""] 농촌진흥청이 올해 초 남극세종기지에 실내농장 컨테이너를 보냈고, 넉 달 전 파종이 이뤄졌습니다. 인공광으로 LED 조명을 이용해 빛의 주기와 세기를 작물 종류에 따라 조절하고, 농장 상황을 실시간으로 확인해 적절한 온도와 습도도 유지했습니다. 그 결과, 남극에서 미국에 이어 두 번째로 잎채소와 열매채소를 동시에 재배하게 됐습니다. [김두호/농촌진흥청 차장 : ""인공광을 갖고 작물을 생산할 수 있는 기술을 확립했습니다. 그 기술을 투입해서 잎채소뿐만 아니라 열매채소까지도 생산할 수 있는….""] 농진청은 이번 성과를 바탕으로 극지와 사막 등에 실내농장을 수출할 수 있는 기반을 마련할 계획입니다. KBS 뉴스 진유민입니다.촬영기자:안광석"
[제보] ‘임대동만 정전’ 아파트…보도 이후 차별 없앴다,"[앵커]지금 보시는 게 KBS 뉴스 제보창인데요.여기에만 최근 1년 동안 8만6천 건, 하루 평균 230건 넘는 시청자 제보가 빼곡히 올라왔습니다.​이걸 토대로 9시 뉴스 <제보, 제대로 보겠습니다> 코너 등을 통해 보도하고, 이게 의미있는 변화로 이어지기도 했습니다.최근, 지난 7월엔 폭염 속 서울의 한 아파트 단지에서 유독 임대 동만 전기가 자주 나간다는 제보가 있었습니다.취재해 보니 임대 동의 변압기만 용량이 작았습니다.그럼, 보도 뒤에 어떻게 바뀌었는지, 양민철 기자가 현장에 다시 다녀왔습니다. [리포트] 지난 7월, 이 아파트는 일주일 새 두 차례나 정전이 됐습니다. 폭염 속에  냉방기기를 쓰지 못했고, 엘리베이터도 멈춰 주민 5명이 갇히기도 했습니다. [아파트 주민/지난 7월 : ""바깥에 산책하려고 그냥 엘리베이터를 탔는데 타자마자 정전이 돼서요. 시간상으로는 한 30분 정도 갇혀 있었고요.""] 그런데 전기공급이 끊긴 건 두 번 다, 일반 분양동이 아닌 임대동이었습니다. 이유는 변압기 과부하였습니다. 이 아파트 단지는 14개 동이 같은 용량의 변압기 2대를 썼습니다. 한쪽엔 일반 분양동 세 동과 임대동 한 동, 주차장 등 공용시설이 연결돼 있습니다. 그런데 다른 한쪽 변압기에 나머지 임대아파트 10개 동이 모두 연결돼 있어, 세대 수가 2배 가까이 차이가 났던 겁니다. 변압기로도 차별하느냐는 불만이 나왔습니다. KBS가 이 소식을 전한 뒤 해당 아파트 단지는, 임대동 쪽의 변압기 설비 용량을 2/3가량 늘리는 공사를 했습니다.  [아파트 관리사무소 직원 : ""750(킬로)와트였던 변압기를 지금 1250킬로와트로 올린 거예요. 그때 (용량) 100%에서 사용을 하면서 문제가 발생했던 거고 지금은 용량을 충분히 키워놔서...""] 실제로 공사 이후엔 정전이 일어나지 않았습니다. [권OO/최초 제보자  : ""되게 속시원해하죠. 사실 뭐 임대동과 분양동 이런 대비나 마찰 이런 걸 일으키려는 마음은 전혀 없어요. 단지 그냥 좀...신경 써달라는 거죠.""] SH공사는 변압기를 설계하면서 차별하려는 의도는 전혀 없었다면서, 1억원 가량의 공사 비용 전액을 부담했다고 밝혔습니다. KBS 뉴스 양민철입니다. 촬영기자:유용규/영상편집:차정남/그래픽:김현석  ■ 제보하기 ▷ 카카오톡 : 'KBS제보' 검색 ▷ 전화 : 02-781-1234 ▷ 이메일 : kbs1234@kbs.co.kr▷ 뉴스홈페이지 : https://goo.gl/4bWbkG"
